path,language,category,indexable,title,title_len,description,description_len,h1,h1_count,canonical,robots,html_lang,hreflang_count,og_image,schema_types,in_sitemap,sitemap_files,word_count,issues
/,en,homepage,yes,California Injury Claim Resource | Insider Lawyers,50,"California injury claim resource: free claim reviews, settlement review, second opinions, and plain-English guidance before you accept an insurance offer.",154,"Understand Your Injury Claim
            Before You Hire a Lawyer",1,https://www.insiderlawyers.com/,,en-US,4,https://www.insiderlawyers.com/og-default.png,"Answer,FAQPage,Organization,Question,WebSite",yes,sitemap-core-en.xml,1736,
/accessibility,en,legal,yes,Accessibility | Insider Lawyers,31,"Accessibility statement for Insider Lawyers: ongoing effort to meet WCAG 2.1 AA, known limitations, third-party tools, and how to report an accessibility issue.",160,Accessibility,1,https://www.insiderlawyers.com/accessibility,"index,follow,max-image-preview:large",en-US,4,https://www.insiderlawyers.com/og-default.png,"WebPage,WebSite",yes,sitemap-legal.xml,741,
/adjuster-claim-valuation,en,claim-guide,no,How Adjusters Value (or Devalue) Injury Clai | Insider Lawyers,62,"How insurance adjusters value California injury claims, what evidence pushes settlement authority higher, and how to spot a lowball offer.",138,How Adjusters Value (or Devalue) Injury Claims,1,https://www.insiderlawyers.com/how-adjusters-value-claims,"noindex, follow",en-US,0,https://www.insiderlawyers.com/images/hero/ktown-bg.jpg,"WebPage,WebSite",no,,995,
/at-fault-driver-no-insurance,en,guide,yes,What If the At - Fault Driver Has No Insuran | Insider Lawyers,62,What to do when the at-fault driver has no insurance. Your UM coverage and options in California. Free claim review available 24/7.,131,What If the At-Fault Driver Has No Insurance?,1,https://www.insiderlawyers.com/at-fault-driver-no-insurance,"index,follow,max-image-preview:large",en-US,0,https://www.insiderlawyers.com/images/hero/ktown-bg.jpg,"WebPage,WebSite",yes,sitemap-guides-en.xml,1005,
/attorney-referrals,en,referral,yes,Attorney Review & Referral | Insider Lawyers,44,"How attorney review and case referral work through Insider Lawyers - California co-counsel and referral support for personal injury, premises liability, and.",157,Attorney Referrals,1,https://www.insiderlawyers.com/attorney-referrals,"index,follow,max-image-preview:large",en-US,0,https://www.insiderlawyers.com/images/hero/ktown-bg.jpg,"WebPage,WebSite",yes,sitemap-referrals.xml,1016,
/brain-injury,en,guide,yes,Your Legal Guide to Brain Injury Compensatio | Insider Lawyers,62,"Los Angeles injury guidance on brain injury with insurer-side insight, trial-ready strategy, and clear next steps.",114,Your Legal Guide to Brain Injury Compensation,1,https://www.insiderlawyers.com/brain-injury,"index,follow,max-image-preview:large",en-US,0,https://www.insiderlawyers.com/images/hero/ktown-bg.jpg,"WebPage,WebSite",yes,sitemap-guides-en.xml,1041,
/california-car-accident-lawyer,en,claim-guide,yes,CA Car Accident Claims: Protecting Your Righ | Insider Lawyers,62,"Los Angeles injury guidance on california car accident lawyer with insurer-side insight, trial-ready strategy, and clear next steps.",132,California Car Accident Lawyer: Protecting Your Rights,1,https://www.insiderlawyers.com/california-car-accident-lawyer,"index,follow,max-image-preview:large",en-US,4,https://www.insiderlawyers.com/images/hero/ktown-bg.jpg,"WebPage,WebSite",yes,sitemap-core-en.xml,1079,
/california-comparative-negligence-personal-injury,en,claim-guide,yes,CA Comparative Negligence in Injury Claims | Insider Lawyers,60,"How California pure comparative negligence affects injury settlements: how insurers assign fault percentages, how the math reduces recovery, and how to challenge.",162,California Comparative Negligence Personal Injury,1,https://www.insiderlawyers.com/california-comparative-negligence-personal-injury,"index,follow,max-image-preview:large",en-US,0,https://www.insiderlawyers.com/og-default.png,"Answer,FAQPage,Question",yes,sitemap-guides-en.xml,1258,
/california-injury-claim-second-opinion,en,claim-guide,yes,CA Injury Claim Second Opinion Guide | Befor | Insider Lawyers,62,Not sure if your California injury claim is being handled correctly? Learn when to get a second opinion before accepting a settlement or signing a release.,155,Should You Get a Second Opinion on Your Injury Claim?,1,https://www.insiderlawyers.com/california-injury-claim-second-opinion,"index,follow,max-image-preview:large",en-US,4,https://www.insiderlawyers.com/images/hero/ktown-bg.jpg,"Answer,Article,FAQPage,Question,WebSite",yes,sitemap-core-en.xml,2059,
/california-parking-lot-accident-claim-guide,en,claim-guide,yes,"Parking Lot Accident Claims in CA | Fault, I | Insider Lawyers",62,"How parking lot accident claims work in California — fault, backing accidents, pedestrian injuries, store and property owner responsibility, evidence, and insurance.",165,How Parking Lot Accident Claims Work in California,1,https://www.insiderlawyers.com/california-parking-lot-accident-claim-guide,"index,follow,max-image-preview:large",en-US,4,https://www.insiderlawyers.com/images/hero/ktown-bg.jpg,"Answer,Article,FAQPage,Question,WebSite",yes,sitemap-core-en.xml,1806,
/california-personal-injury-demand-letter-guide,en,claim-guide,yes,Personal Injury Demand Letters in California | What They Mean,61,"Learn what a personal injury demand letter is, what it should include, what happens after it is sent, and when to request a claim review.",137,What Is a Personal Injury Demand Letter?,1,https://www.insiderlawyers.com/california-personal-injury-demand-letter-guide,"index,follow,max-image-preview:large",en-US,4,https://www.insiderlawyers.com/images/hero/ktown-bg.jpg,"Answer,Article,FAQPage,Question,WebSite",yes,sitemap-core-en.xml,1976,
/california-personal-injury-settlement-checklist,en,claim-guide,yes,CA Injury Settlement Checklist | Before You | Insider Lawyers,61,"Before accepting a personal injury settlement in California, review this checklist covering medical bills, future care, lost wages, liens, releases, and claim value.",165,What to Check Before Accepting a Personal Injury Settlement,1,https://www.insiderlawyers.com/california-personal-injury-settlement-checklist,"index,follow,max-image-preview:large",en-US,4,https://www.insiderlawyers.com/images/hero/ktown-bg.jpg,"Answer,Article,FAQPage,Question,WebSite",yes,sitemap-core-en.xml,1967,
/california-privacy-rights,en,legal,yes,California Privacy Rights | Insider Lawyers,43,"California CCPA / CPRA notice for Insider Lawyers: categories of personal information collected, sharing, your California rights, and how to submit a request.",158,California Privacy Rights,1,https://www.insiderlawyers.com/california-privacy-rights,"index,follow,max-image-preview:large",en-US,4,https://www.insiderlawyers.com/og-default.png,"WebPage,WebSite",yes,sitemap-legal.xml,1090,
/can-i-change-my-personal-injury-lawyer-california,en,guide,no,Can I Change My Injury Lawyer in CA? | Insid | Insider Lawyers,62,"Yes—most clients can change California personal injury counsel. Learn typical steps, file transfer, court substitution, and fee considerations.",143,Can I Change My Personal Injury Lawyer in California?,1,https://www.insiderlawyers.com/changing-personal-injury-lawyer-california,"noindex, follow",en-US,0,https://www.insiderlawyers.com/images/hero/ktown-bg.jpg,"WebPage,WebSite",no,,1088,
/can-i-sue-uninsured-driver-personally,en,guide,yes,Can I Sue an Uninsured Driver Personally? | Insider Lawyers,59,Can you sue an uninsured driver personally? When it makes sense and when a UM claim is the better path. California guidance from an LA injury lawyer.,149,Can I Sue an Uninsured Driver Personally?,1,https://www.insiderlawyers.com/can-i-sue-uninsured-driver-personally,"index,follow,max-image-preview:large",en-US,0,https://www.insiderlawyers.com/images/hero/ktown-bg.jpg,"WebPage,WebSite",yes,sitemap-guides-en.xml,1003,
/can-new-lawyer-increase-injury-settlement,en,claim-guide,yes,Can a New Lawyer Increase Your Injury Settle | Insider Lawyers,62,"Thinking about switching injury lawyers or getting a second opinion in California? What can actually change with new counsel—fees, file transfer, strategy—without.",163,Can a New Lawyer Increase Your Injury Settlement in California?,1,https://www.insiderlawyers.com/can-new-lawyer-increase-injury-settlement,"index,follow,max-image-preview:large",en-US,0,https://www.insiderlawyers.com/images/hero/ktown-bg.jpg,"Answer,FAQPage,Question,WebPage,WebSite",yes,sitemap-guides-en.xml,1741,
/can-you-sue-nursing-home-bed-sores,en,guide,yes,Can You Sue a Nursing Home for Bed Sores? | Bed Sore Attorney,61,"Can you sue a nursing home or hospital for bed sores? Yes. When the facility failed to prevent or treat pressure ulcers, you may have a claim. LA bed sore attorney.",164,Can You Sue a Nursing Home for Bed Sores?,1,https://www.insiderlawyers.com/can-you-sue-nursing-home-bed-sores,,en-US,0,https://www.insiderlawyers.com/og-default.png,,yes,sitemap-guides-en.xml,1157,
/car-accident-lawyer-near-me-los-angeles,en,la-claim,no,Car Accident Lawyer Near Me Los Angeles | Insider Lawyers,57,Car accident lawyer near me in Los Angeles. A free claim review does not commit you to hiring anyone. Available 24/7. Speak to an attorney today.,145,,0,https://www.insiderlawyers.com/los-angeles-car-accident-lawyer,"noindex, follow",en-US,0,https://www.insiderlawyers.com/og-default.png,,no,,384,missing H1
/changing-personal-injury-lawyer-california,en,guide,yes,Changing Personal Injury Lawyer in California | Insider,55,"How changing California personal injury lawyers works: second opinions, fees, file transfer, and communication—neutral guidance without attacking firms.",152,Changing Your Personal Injury Lawyer in California,1,https://www.insiderlawyers.com/changing-personal-injury-lawyer-california,"index,follow,max-image-preview:large",en-US,0,https://www.insiderlawyers.com/images/hero/ktown-bg.jpg,"WebPage,WebSite",yes,sitemap-guides-en.xml,1504,
/comparative-negligence-california-explained,en,guide,no,Comparative Negligence in California Explained | Insider,56,Pure comparative fault in California: how your recovery is reduced if you're partly at fault.,93,Comparative Negligence in California Explained,1,https://www.insiderlawyers.com/california-comparative-negligence-personal-injury,"noindex, follow",en-US,0,https://www.insiderlawyers.com/images/hero/ktown-bg.jpg,"WebPage,WebSite",no,,1031,description too short (93)
/contact,en,contact,yes,Contact Insider Lawyers | Free California Injury Claim Review,61,"Contact Insider Lawyers for a free California injury claim review, settlement review, or second opinion. Call 844-467-4335 or submit a secure form.",147,Contact Insider Lawyers,1,https://www.insiderlawyers.com/contact,"index,follow,max-image-preview:large",en-US,4,https://www.insiderlawyers.com/og-default.png,"ContactPage,WebSite",yes,sitemap-core-en.xml,850,
/contingency-fee-when-switching-lawyers-injury-case,en,guide,yes,Contingency Fee When Switching Injury Lawyers | Insider,55,"Contingency fees when you switch personal injury lawyers in California: fee division, liens, costs, and what clients usually pay.",129,Contingency Fee When Switching Lawyers in an Injury Case,1,https://www.insiderlawyers.com/contingency-fee-when-switching-lawyers-injury-case,"index,follow,max-image-preview:large",en-US,0,https://www.insiderlawyers.com/images/hero/ktown-bg.jpg,"WebPage,WebSite",yes,sitemap-guides-en.xml,1083,
/cookie-policy,en,legal,yes,Cookie Policy | Insider Lawyers,31,"How Insider Lawyers uses cookies, pixels, GTM, GA4, Google Ads, Meta, Reddit, Taboola, CallRail and Microsoft Clarity, and how to opt out.",138,Cookie Policy,1,https://www.insiderlawyers.com/cookie-policy,"index,follow,max-image-preview:large",en-US,4,https://www.insiderlawyers.com/og-default.png,"WebPage,WebSite",yes,sitemap-legal.xml,1008,
/delayed-pain-after-car-accident,en,guide,yes,Delayed Pain After Car Accident | Insider | Insider Lawyers,59,Why pain can appear days after a crash. California injury claims and when to see a doctor and a lawyer.,103,Delayed Pain After Car Accident,1,https://www.insiderlawyers.com/delayed-pain-after-car-accident,"index,follow,max-image-preview:large",en-US,0,https://www.insiderlawyers.com/images/hero/ktown-bg.jpg,"WebPage,WebSite",yes,sitemap-guides-en.xml,962,
/demand-letter-negotiation,en,guide,yes,Demand Letters and Negotiation Strategy in I | Insider Lawyers,62,Demand letter strategy and negotiation guidance for injury claims from former insurance defense attorneys.,106,Demand Letters and Negotiation Strategy in Injury Claims,1,https://www.insiderlawyers.com/demand-letter-negotiation,"index,follow,max-image-preview:large",en-US,0,https://www.insiderlawyers.com/images/hero/ktown-bg.jpg,"WebPage,WebSite",yes,sitemap-guides-en.xml,986,
/demand-letters-explained,en,guide,yes,Demand Letters Explained | Insider | Insider Lawyers,52,"What a demand letter is, what it includes, and how it starts settlement in California injury claims.",100,Demand Letters Explained,1,https://www.insiderlawyers.com/demand-letters-explained,"index,follow,max-image-preview:large",en-US,0,https://www.insiderlawyers.com/images/hero/ktown-bg.jpg,"WebPage,WebSite",yes,sitemap-guides-en.xml,1028,
/disclaimer,en,legal,yes,Disclaimer | Insider Lawyers,28,"Attorney advertising disclaimer for Insider Lawyers, including no-legal-advice, no-attorney-client-relationship, no guarantee of outcome, and statute-of-limitations.",165,Disclaimer,1,https://www.insiderlawyers.com/disclaimer,"index,follow,max-image-preview:large",en-US,4,https://www.insiderlawyers.com/og-default.png,"WebPage,WebSite",yes,sitemap-legal.xml,781,
/do-i-need-police-report-accident,en,guide,yes,Do I Need a Police Report After a Car Accident? | Insider,57,California law and insurance: when a police report helps your car accident claim and how to get one.,100,Do I Need a Police Report After a Car Accident?,1,https://www.insiderlawyers.com/do-i-need-police-report-accident,"index,follow,max-image-preview:large",en-US,0,https://www.insiderlawyers.com/images/hero/ktown-bg.jpg,"WebPage,WebSite",yes,sitemap-guides-en.xml,1074,
/do-not-sell-or-share-my-personal-information,en,legal,yes,Do Not Sell or Share My Personal Information | Insider Lawyers,62,"California opt-out request form for Insider Lawyers. Submit a Do Not Sell or Share request, an access or deletion request, or a correction request.",147,Do Not Sell or Share My Personal Information,1,https://www.insiderlawyers.com/do-not-sell-or-share-my-personal-information,"index,follow,max-image-preview:large",en-US,4,https://www.insiderlawyers.com/og-default.png,"WebPage,WebSite",yes,sitemap-legal.xml,827,
/does-filing-um-claim-raise-rates,en,claim-guide,yes,Does Filing a UM Claim Raise My Rates? | Insider Lawyers,56,Does filing an uninsured or underinsured motorist claim raise your insurance rates? California practice and what to expect. Free claim review available 24/7.,157,Does Filing a UM Claim Raise My Rates?,1,https://www.insiderlawyers.com/does-filing-um-claim-raise-rates,"index,follow,max-image-preview:large",en-US,0,https://www.insiderlawyers.com/images/hero/ktown-bg.jpg,"WebPage,WebSite",yes,sitemap-guides-en.xml,1030,
/electric-scooter-ebike-accident-lawyer-los-angeles,en,la-claim,yes,Electric Scooter & E - Bike Accident Cla | Insider Lawyers,58,"Los Angeles electric scooter and e-bike accident claim guide: liability, hit-and-run, app/account records, uninsured motorist coverage, property damage recovery.",161,Electric Scooter and E-Bike Accident Lawyer in Los Angeles,1,https://www.insiderlawyers.com/electric-scooter-ebike-accident-lawyer-los-angeles,"index,follow,max-image-preview:large",en-US,4,https://www.insiderlawyers.com/images/hero/ktown-bg.jpg,"Answer,BreadcrumbList,FAQPage,ListItem,Question,WebPage,WebSite",yes,sitemap-core-en.xml,1526,
/evidence-preservation-car-accident-california,en,guide,yes,Evidence Preservation Car Accident CA | Insider Lawyers,55,"Evidence preservation car accident California. Legal hold letters, surveillance preservation requests, and spoliation strategy for injury claims.",145,Evidence Preservation Car Accident California,1,https://www.insiderlawyers.com/evidence-preservation-car-accident-california,"index,follow,max-image-preview:large",en-US,0,https://www.insiderlawyers.com/og-default.png,"Answer,FAQPage,Question",yes,sitemap-guides-en.xml,1133,
/herniated-disc-car-accident-settlement-california,en,claim-guide,yes,Herniated Disc Car Accident Settlement CA | Insider Lawyers,59,"Herniated disc car accident settlement California. Build value with MRI-linked causation, impairment evidence, and trial-ready damages strategy.",144,Herniated Disc Car Accident Settlement California,1,https://www.insiderlawyers.com/herniated-disc-car-accident-settlement-california,"index,follow,max-image-preview:large",en-US,0,https://www.insiderlawyers.com/og-default.png,"Answer,FAQPage,Question",yes,sitemap-guides-en.xml,1502,
/hit-and-run-accident-lawyer-los-angeles,en,la-claim,yes,Hit and Run Accident Lawyer Los Angeles | Insider Lawyers,57,"Hit and run accident lawyer Los Angeles. Protect your claim with police coordination, UM evidence development, and trial-ready uninsured motorist strategy.",155,Hit and Run Accident Lawyer Los Angeles,1,https://www.insiderlawyers.com/hit-and-run-accident-lawyer-los-angeles,"index,follow,max-image-preview:large",en-US,4,https://www.insiderlawyers.com/images/hero/ktown-bg.jpg,"Answer,FAQPage,Question",yes,sitemap-core-en.xml,1810,
/hit-and-run-accidents-los-angeles,en,la-claim,no,Hit and Run Accidents in Los Angeles | Insider Lawyers,54,"Hit and run accidents in LA: your rights, reporting, and recovery. California-specific guidance from a Los Angeles injury firm.",127,Hit and Run Accidents in Los Angeles,1,https://www.insiderlawyers.com/hit-and-run-accident-lawyer-los-angeles,"noindex, follow",en-US,0,https://www.insiderlawyers.com/images/hero/ktown-bg.jpg,"WebPage,WebSite",no,,1044,
/how-adjusters-value-claims,en,claim-guide,yes,How Insurance Adjusters Value Claims | Insider Lawyers,54,"How insurance adjusters value injury claims: liability, medical proof, treatment consistency, and policy limits. LA firm with insurer-side insight.",147,How Insurance Adjusters Value Claims,1,https://www.insiderlawyers.com/how-adjusters-value-claims,"index,follow,max-image-preview:large",en-US,0,https://www.insiderlawyers.com/images/hero/ktown-bg.jpg,"WebPage,WebSite",yes,sitemap-guides-en.xml,991,
/how-insurance-calculates-settlement-offers,en,claim-guide,no,How Insurance Calculates Settlement Offers | Insider,52,"How adjusters value California injury claims and calculate settlement offers, what evidence raises authority, and what a fair offer looks like.",143,How Insurance Companies Calculate Settlement Offers,1,https://www.insiderlawyers.com/how-adjusters-value-claims,"noindex, follow",en-US,0,https://www.insiderlawyers.com/images/hero/ktown-bg.jpg,"WebPage,WebSite",no,,1028,
/how-long-does-a-car-accident-settlement-take-california,en,claim-guide,yes,How Long Does a Car Accident Settlement Take | Insider Lawyers,62,How long does a car accident settlement take California. Learn what actually controls timeline and how to avoid insurer delay tactics.,134,How Long Does a Car Accident Settlement Take California,1,https://www.insiderlawyers.com/how-long-does-a-car-accident-settlement-take-california,"index,follow,max-image-preview:large",en-US,0,https://www.insiderlawyers.com/og-default.png,"Answer,FAQPage,Question",yes,sitemap-guides-en.xml,1455,
/how-long-personal-injury-case-takes-california,en,guide,yes,How Long Does a Injury Case Take in CA? | Insider Lawyers,57,"California personal injury timelines vary by case. Learn common phases, why claims slow down, litigation vs settlement pacing, and when delays deserve a closer look.",165,How Long Does a Personal Injury Case Take in California?,1,https://www.insiderlawyers.com/how-long-personal-injury-case-takes-california,"index,follow,max-image-preview:large",en-US,0,https://www.insiderlawyers.com/images/hero/ktown-bg.jpg,"Answer,FAQPage,Question,WebPage,WebSite",yes,sitemap-guides-en.xml,1267,
/how-much-is-my-car-accident-worth-california,en,guide,yes,How Much Is My Car Accident Worth California | Insider Lawyers,62,How much is my car accident worth California. Learn the real valuation factors insurers use and how evidence quality changes settlement authority.,146,How Much Is My Car Accident Worth California,1,https://www.insiderlawyers.com/how-much-is-my-car-accident-worth-california,"index,follow,max-image-preview:large",en-US,0,https://www.insiderlawyers.com/og-default.png,"Answer,FAQPage,Question",yes,sitemap-guides-en.xml,1527,
/injuries-truck-accidents,en,guide,yes,Common Injuries in Truck Accidents: What Vic | Insider Lawyers,62,"Los Angeles injury guidance on injuries truck accidents with insurer-side insight, trial-ready strategy, and clear next steps.",126,Common Injuries in Truck Accidents: What Victims Should Know,1,https://www.insiderlawyers.com/injuries-truck-accidents,"index,follow,max-image-preview:large",en-US,0,https://www.insiderlawyers.com/images/hero/ktown-bg.jpg,"WebPage,WebSite",yes,sitemap-guides-en.xml,1021,
/insurance-company-playbook,en,guide,yes,How Insurance Companies Handle Injury Claims | Insider Lawyers,62,"How insurance companies handle injury claims, explained by former defense attorneys for Los Angeles claimants.",110,How Insurance Companies Handle Injury Claims,1,https://www.insiderlawyers.com/insurance-company-playbook,"index,follow,max-image-preview:large",en-US,0,https://www.insiderlawyers.com/images/hero/ktown-bg.jpg,"WebPage,WebSite",yes,sitemap-guides-en.xml,1124,
/insurance-company-tactics-personal-injury,en,guide,yes,Insurance Company Tactics Personal Injury | Insider Lawyers,59,"Insurance company tactics personal injury. Understand delay, devaluation, and denial strategies and how to counter them with evidence leverage.",143,Insurance Company Tactics Personal Injury,1,https://www.insiderlawyers.com/insurance-company-tactics-personal-injury,"index,follow,max-image-preview:large",en-US,0,https://www.insiderlawyers.com/og-default.png,"Answer,FAQPage,Question",yes,sitemap-guides-en.xml,1167,
/insurance-says-injury-is-minor-california,en,guide,yes,Insurance Says Your Injury Is Minor? What It | Insider Lawyers,62,"If an insurance company says your injury is minor after an accident, it may affect how your claim is handled.",109,When Insurance Says Your Injury Is Minor After an Accident,1,https://www.insiderlawyers.com/insurance-says-injury-is-minor-california,"index,follow,max-image-preview:large",en-US,0,https://www.insiderlawyers.com/images/hero/ktown-bg.jpg,"Answer,FAQPage,Question,WebPage,WebSite",yes,sitemap-guides-en.xml,1736,
/insurance-says-low-impact-car-accident-california,en,guide,yes,"""Low Impact"" Car Accidents in California | Insider",50,Still hurt after a small-looking accident? Here is what insurers usually mean by low impact in California—and how documentation and timing affect your claim.,157,When Insurance Says Your Car Accident Was &quot;Low Impact&quot; in California,1,https://www.insiderlawyers.com/insurance-says-low-impact-car-accident-california,"index,follow,max-image-preview:large",en-US,0,https://www.insiderlawyers.com/images/hero/ktown-bg.jpg,"Answer,FAQPage,Question,WebPage,WebSite",yes,sitemap-guides-en.xml,1313,
/lawyer-pushing-settlement-too-fast-california,en,claim-guide,yes,Lawyer Pushing Settlement Too Fast in CA? Wh | Insider Lawyers,62,"Feeling rushed to settle your California injury case? Understand why quick settlements happen, file maturity, pressure dynamics, and calm options—including a second.",165,When Your Lawyer Is Pushing Settlement Too Fast in California,1,https://www.insiderlawyers.com/lawyer-pushing-settlement-too-fast-california,"index,follow,max-image-preview:large",en-US,0,https://www.insiderlawyers.com/images/hero/ktown-bg.jpg,"Answer,FAQPage,Question,WebPage,WebSite",yes,sitemap-guides-en.xml,1317,
/legal-terms,en,legal,yes,Terms & Conditions | Insider Lawyers,36,Terms and conditions for using the Insider Lawyers California injury claim information resource. No attorney-client relationship is created by use of this site.,160,Terms &amp; Conditions,1,https://www.insiderlawyers.com/legal-terms,"index,follow,max-image-preview:large",en-US,4,https://www.insiderlawyers.com/og-default.png,"WebPage,WebSite",yes,sitemap-legal.xml,991,
/lit-referral-brain-injury,en,referral,yes,Brain Injury Litigation Referrals | Insider Lawyers,51,"Brain injury referral support: causation proof, long-term damages modeling, life-care planning, and trial-ready strategy for catastrophic California cases.",155,Brain Injury Litigation Referrals,1,https://www.insiderlawyers.com/lit-referral-brain-injury,"index,follow,max-image-preview:large",en-US,0,https://www.insiderlawyers.com/images/hero/ktown-bg.jpg,"WebPage,WebSite",yes,sitemap-referrals.xml,944,
/lit-referral-catastrophic-cases,en,referral,yes,Catastrophic Injury Case Referrals | Insider Lawyers,52,Catastrophic injury referral support with life-care planning and trial-ready strategy in Los Angeles.,101,Catastrophic Injury Case Referrals,1,https://www.insiderlawyers.com/lit-referral-catastrophic-cases,"index,follow,max-image-preview:large",en-US,0,https://www.insiderlawyers.com/images/hero/ktown-bg.jpg,"WebPage,WebSite",yes,sitemap-referrals.xml,954,
/lit-referral-core,en,referral,yes,Litigation Referral Core Overview | Insider Lawyers,51,"Litigation referral hub: trial-ready co-counsel for serious California injury and wrongful death cases, insurer insight, and clear communication.",145,Litigation Referral Core Overview,1,https://www.insiderlawyers.com/lit-referral-core,"index,follow,max-image-preview:large",en-US,0,https://www.insiderlawyers.com/images/hero/ktown-bg.jpg,"WebPage,WebSite",yes,sitemap-referrals.xml,1025,
/lit-referral-coverage-disputes,en,referral,yes,Coverage Dispute Litigation Referrals | Insider Lawyers,55,"Coverage-dispute referrals with insurer-side insight: bad faith, denial review, policy interpretation, and litigation strategy for California claims.",149,Coverage Dispute Litigation Referrals,1,https://www.insiderlawyers.com/lit-referral-coverage-disputes,"index,follow,max-image-preview:large",en-US,0,https://www.insiderlawyers.com/images/hero/ktown-bg.jpg,"WebPage,WebSite",yes,sitemap-referrals.xml,952,
/lit-referral-criteria,en,referral,yes,Referral Criteria for Litigation-Ready Cases | Insider Lawyers,62,"Referral criteria we use for litigation-ready cases: injury severity, liability, coverage, and whether trial posture fits our team.",131,Referral Criteria for Litigation-Ready Cases,1,https://www.insiderlawyers.com/lit-referral-criteria,"index,follow,max-image-preview:large",en-US,0,https://www.insiderlawyers.com/images/hero/ktown-bg.jpg,"WebPage,WebSite",yes,sitemap-referrals.xml,963,
/lit-referral-economics,en,referral,yes,Referral Economics and Case Value Transparen | Insider Lawyers,62,Referral economics and fee transparency for co-counsel arrangements on California personal injury and wrongful death litigation.,128,Referral Economics and Case Value Transparency,1,https://www.insiderlawyers.com/lit-referral-economics,"index,follow,max-image-preview:large",en-US,0,https://www.insiderlawyers.com/images/hero/ktown-bg.jpg,"WebPage,WebSite",yes,sitemap-referrals.xml,953,
/lit-referral-process,en,referral,yes,Litigation Referral Process | Insider Lawyers,45,"How attorney referrals move from introduction to file review, strategy, and co-counsel engagement for litigation-ready Los Angeles cases.",137,Litigation Referral Process,1,https://www.insiderlawyers.com/lit-referral-process,"index,follow,max-image-preview:large",en-US,0,https://www.insiderlawyers.com/images/hero/ktown-bg.jpg,"WebPage,WebSite",yes,sitemap-referrals.xml,961,
/lit-referral-trial-ready-cocounsel,en,referral,yes,Trial - Ready Co - Counsel for Litigation Re | Insider Lawyers,62,Trial-ready co-counsel for Los Angeles litigation referrals with insurer insight and courtroom experience.,106,Trial-Ready Co-Counsel for Litigation Referrals,1,https://www.insiderlawyers.com/lit-referral-trial-ready-cocounsel,"index,follow,max-image-preview:large",en-US,0,https://www.insiderlawyers.com/images/hero/ktown-bg.jpg,"WebPage,WebSite",yes,sitemap-referrals.xml,965,
/lit-referral-truck-litigation,en,referral,yes,Truck Accident Litigation Referrals | Insider Lawyers,53,"Truck-litigation referral support: multi-party liability, FMCSA evidence, ECM data, broker exposure, and trial readiness for Los Angeles cases.",143,Truck Accident Litigation Referrals,1,https://www.insiderlawyers.com/lit-referral-truck-litigation,"index,follow,max-image-preview:large",en-US,0,https://www.insiderlawyers.com/images/hero/ktown-bg.jpg,"WebPage,WebSite",yes,sitemap-referrals.xml,946,
/lit-referral-wrongful-death,en,referral,yes,Wrongful Death Litigation Referrals | Insider Lawyers,53,"Wrongful-death referral support: damages modeling, heir analysis, economic and noneconomic exposure, and trial-ready strategy in California.",140,Wrongful Death Litigation Referrals,1,https://www.insiderlawyers.com/lit-referral-wrongful-death,"index,follow,max-image-preview:large",en-US,0,https://www.insiderlawyers.com/images/hero/ktown-bg.jpg,"WebPage,WebSite",yes,sitemap-referrals.xml,957,
/los-angeles-auto-accident-lawyer,en,la-claim,no,Los Angeles Auto Accident Lawyer | Insider Lawyers,50,Los Angeles auto accident lawyer. A free claim review does not commit you to hiring anyone. Available 24/7. Speak to an attorney today.,135,,0,https://www.insiderlawyers.com/personal-injury/auto-accidents,"noindex, follow",en-US,0,https://www.insiderlawyers.com/og-default.png,,no,,382,missing H1
/los-angeles-bicycle-accident-lawyer,en,la-claim,no,Los Angeles Bicycle Accident Lawyer | Insider Lawyers,53,Los Angeles bicycle accident lawyer. A free claim review does not commit you to hiring anyone. Available 24/7. Speak to an attorney today.,138,,0,https://www.insiderlawyers.com/personal-injury/bicycle-accidents,"noindex, follow",en-US,0,https://www.insiderlawyers.com/og-default.png,,no,,382,missing H1
/los-angeles-brain-injury-lawyer,en,la-claim,no,Los Angeles Brain Injury Lawyer | Insider Lawyers,49,Los Angeles brain injury lawyer. A free claim review does not commit you to hiring anyone. Available 24/7. Speak to an attorney today.,134,,0,https://www.insiderlawyers.com/personal-injury/brain-injuries,"noindex, follow",en-US,0,https://www.insiderlawyers.com/og-default.png,,no,,382,missing H1
/los-angeles-car-accident-lawyer,en,la-claim,yes,Los Angeles Car Accident Lawyer | Insider Lawyers,49,Los Angeles car accident lawyer. A free claim review does not commit you to hiring anyone. Available 24/7. Speak to an attorney today.,134,"Los Angeles
            Car Accident Lawyer",1,https://www.insiderlawyers.com/los-angeles-car-accident-lawyer,,en-US,4,https://www.insiderlawyers.com/og-default.png,,yes,sitemap-core-en.xml,853,
/los-angeles-car-crash-lawyer,en,la-claim,no,Los Angeles Car Crash Lawyer | Insider Lawyers,46,Los Angeles car crash lawyer. A free claim review does not commit you to hiring anyone. Available 24/7. Speak to an attorney today.,131,,0,https://www.insiderlawyers.com/los-angeles-car-accident-lawyer,"noindex, follow",en-US,0,https://www.insiderlawyers.com/og-default.png,,no,,382,missing H1
/los-angeles-catastrophic-injury-lawyer,en,la-claim,no,Los Angeles Catastrophic Injury Lawyer | Insider Lawyers,56,Los Angeles catastrophic injury lawyer. A free claim review does not commit you to hiring anyone. Available 24/7. Speak to an attorney today.,141,,0,https://www.insiderlawyers.com/personal-injury/catastrophic-injuries,"noindex, follow",en-US,0,https://www.insiderlawyers.com/og-default.png,,no,,382,missing H1
/los-angeles-construction-accident-lawyer,en,la-claim,yes,LA Construction Accident Claims | CA Constru | Insider Lawyers,62,"Los Angeles construction accident claim guide: workers&rsquo; comp vs. third-party claims, general contractor and subcontractor liability, falls, electrocution.",160,Los Angeles Construction Accident Lawyer,1,https://www.insiderlawyers.com/los-angeles-construction-accident-lawyer,"index,follow,max-image-preview:large",en-US,0,https://www.insiderlawyers.com/og-default.png,"Answer,Article,FAQPage,Organization,Question,WebPage",yes,sitemap-core-en.xml,2256,
/los-angeles-motorcycle-accident-lawyer,en,la-claim,no,Los Angeles Motorcycle Accident Lawyer | Insider Lawyers,56,Los Angeles motorcycle accident lawyer. A free claim review does not commit you to hiring anyone. Available 24/7. Speak to an attorney today.,141,,0,https://www.insiderlawyers.com/personal-injury/motorcycle-accidents,"noindex, follow",en-US,0,https://www.insiderlawyers.com/og-default.png,,no,,382,missing H1
/los-angeles-nursing-home-neglect-lawyer,en,la-claim,yes,Los Angeles Nursing Home Neglect Claim Guide | Insider Lawyers,62,"How California nursing home neglect and elder abuse claims work in Los Angeles. Bed sores, pressure ulcers, falls, malnutrition, warning signs, evidence, insurance.",164,How Los Angeles Nursing Home Neglect Claims Work in California,1,https://www.insiderlawyers.com/los-angeles-nursing-home-neglect-lawyer,"index,follow,max-image-preview:large",en-US,4,https://www.insiderlawyers.com/images/hero/ktown-bg.jpg,"Answer,Article,FAQPage,Question,WebSite",yes,sitemap-core-en.xml,2489,
/los-angeles-pedestrian-accident-lawyer,en,la-claim,no,Los Angeles Pedestrian Accident Lawyer | Insider Lawyers,56,Los Angeles pedestrian accident lawyer. A free claim review does not commit you to hiring anyone. Available 24/7. Speak to an attorney today.,141,,0,https://www.insiderlawyers.com/personal-injury/pedestrian-accidents,"noindex, follow",en-US,0,https://www.insiderlawyers.com/og-default.png,,no,,382,missing H1
/los-angeles-premises-liability-lawyer,en,la-claim,no,Los Angeles Premises Liability Lawyer | Insider Lawyers,55,Los Angeles premises liability lawyer. A free claim review does not commit you to hiring anyone. Available 24/7. Speak to an attorney today.,140,,0,https://www.insiderlawyers.com/premises-liability,"noindex, follow",en-US,0,https://www.insiderlawyers.com/og-default.png,,no,,382,missing H1
/los-angeles-product-liability-lawyer,en,la-claim,no,Los Angeles Product Liability Lawyer | Insider Lawyers,54,Los Angeles product liability lawyer. A free claim review does not commit you to hiring anyone. Available 24/7. Speak to an attorney today.,139,,0,https://www.insiderlawyers.com/personal-injury/product-liability,"noindex, follow",en-US,0,https://www.insiderlawyers.com/og-default.png,,no,,382,missing H1
/los-angeles-slip-and-fall-lawyer,en,la-claim,no,Los Angeles Slip and Fall Lawyer | Insider Lawyers,50,Los Angeles slip and fall lawyer. A free claim review does not commit you to hiring anyone. Available 24/7. Speak to an attorney today.,135,,0,https://www.insiderlawyers.com/personal-injury/slip-and-fall,"noindex, follow",en-US,0,https://www.insiderlawyers.com/og-default.png,,no,,383,missing H1
/los-angeles-spine-injury-lawyer,en,la-claim,no,Los Angeles Spine Injury Lawyer | Insider Lawyers,49,Los Angeles spine injury lawyer. A free claim review does not commit you to hiring anyone. Available 24/7. Speak to an attorney today.,134,,0,https://www.insiderlawyers.com/personal-injury/spine-injuries,"noindex, follow",en-US,0,https://www.insiderlawyers.com/og-default.png,,no,,382,missing H1
/los-angeles-truck-accident-lawyer,en,la-claim,no,Los Angeles Truck Accident Lawyer | Insider Lawyers,51,Los Angeles truck accident lawyer. A free claim review does not commit you to hiring anyone. Available 24/7. Speak to an attorney today.,136,,0,https://www.insiderlawyers.com/personal-injury/truck-accidents,"noindex, follow",en-US,0,https://www.insiderlawyers.com/og-default.png,,no,,382,missing H1
/los-angeles-uber-lyft-accident-lawyer,en,la-claim,no,Los Angeles Uber and Lyft Accident Lawyer | Insider Lawyers,59,Los Angeles Uber and Lyft accident lawyer. A free claim review does not commit you to hiring anyone. Available 24/7. Speak to an attorney today.,144,,0,https://www.insiderlawyers.com/personal-injury/uber-and-lyft-accidents,"noindex, follow",en-US,0,https://www.insiderlawyers.com/og-default.png,,no,,384,missing H1
/los-angeles-wrongful-death-lawyer,en,la-claim,no,Los Angeles Wrongful Death Lawyer | Insider Lawyers,51,Los Angeles wrongful death lawyer. A free claim review does not commit you to hiring anyone. Available 24/7. Speak to an attorney today.,136,,0,https://www.insiderlawyers.com/personal-injury/wrongful-death,"noindex, follow",en-US,0,https://www.insiderlawyers.com/og-default.png,,no,,382,missing H1
/lowball-offer-response,en,guide,yes,How to Respond to Lowball Offers in Injury C | Insider Lawyers,62,"How to respond to a lowball injury settlement offer in California with documentation, claim-value evidence, and trial-ready leverage.",133,How to Respond to Lowball Offers in Injury Claims,1,https://www.insiderlawyers.com/lowball-offer-response,"index,follow,max-image-preview:large",en-US,0,https://www.insiderlawyers.com/images/hero/ktown-bg.jpg,"WebPage,WebSite",yes,sitemap-guides-en.xml,989,
/major-car-accident,en,guide,yes,What to Do After a Major (Serious) Car Accid | Insider Lawyers,62,"A California guide to claims after a major or serious car accident: hospitalization, evidence, insurance layers, future medical care, lost income, and when to.",159,What to Do After a Major Car Accident in California,1,https://www.insiderlawyers.com/major-car-accident,"index,follow,max-image-preview:large",en-US,4,https://www.insiderlawyers.com/images/hero/ktown-bg.jpg,"Article,WebSite",yes,sitemap-core-en.xml,1132,
/motor-vehicle,en,guide,yes,Motor Vehicle Accident Lawyers Los Angeles | Insider Lawyers,60,"Motor vehicle accident lawyers Los Angeles & near me. Car, truck, motorcycle, pedestrian, bicycle. Liability & insurance. Free case review 844-467-4335.",152,Motor Vehicle Accident Lawyers — Los Angeles,1,https://www.insiderlawyers.com/motor-vehicle,"index,follow",en-US,4,https://www.insiderlawyers.com/images/hero/ktown-bg.jpg,"Answer,FAQPage,Question,WebPage,WebSite",yes,sitemap-core-en.xml,1385,
/motor-vehicle/bus-accident-lawyer-los-angeles,en,la-claim,yes,Bus Accident Lawyer Los Angeles | Insider Lawyers,49,"Bus accident lawyer Los Angeles. Liability, carrier insurance, and California fault strategy. Free consultation.",112,Bus Accident Lawyer Los Angeles,1,https://www.insiderlawyers.com/motor-vehicle/bus-accident-lawyer-los-angeles,"index,follow",en-US,0,https://www.insiderlawyers.com/og-default.png,"Answer,FAQPage,Question",yes,sitemap-core-en.xml,1222,
/motorcycle-accident-case,en,guide,yes,Proving Negligence in a CA Motorcycle Accide | Insider Lawyers,62,"Los Angeles injury guidance on motorcycle accident case with insurer-side insight, trial-ready strategy, and clear next steps.",126,Proving Negligence in a California Motorcycle Accident Case,1,https://www.insiderlawyers.com/motorcycle-accident-case,"index,follow,max-image-preview:large",en-US,0,https://www.insiderlawyers.com/images/hero/ktown-bg.jpg,"WebPage,WebSite",yes,sitemap-guides-en.xml,1046,
/nursing-home-neglect-vs-abuse,en,guide,yes,Nursing Home Neglect vs Elder Abuse | Legal Definitions,55,What is nursing home negligence? Legal definitions of nursing home neglect and elder abuse. How they differ and why it matters. Los Angeles elder abuse lawyers.,160,Nursing Home Neglect vs Elder Abuse,1,https://www.insiderlawyers.com/nursing-home-neglect-vs-abuse,,en-US,0,https://www.insiderlawyers.com/og-default.png,,yes,sitemap-guides-en.xml,918,
/nursing-home-repositioning-standards,en,guide,yes,How Often Should Nursing Home Residents Be R | Insider Lawyers,62,The 2-hour turning rule for at-risk residents. Staffing failures and prevention protocols. Builds medical authority for nursing home neglect cases.,147,How Often Should Nursing Home Residents Be Repositioned?,1,https://www.insiderlawyers.com/nursing-home-repositioning-standards,,en-US,0,https://www.insiderlawyers.com/og-default.png,,yes,sitemap-guides-en.xml,892,
/nursing-home-understaffing-lawsuit,en,guide,yes,Nursing Home Understaffing Lawsuit | Staffin | Insider Lawyers,62,"Understaffing in nursing homes: staffing ratios, corporate negligence, profit-driven care. Strong legal topic for neglect and bed sore cases. LA lawyers.",153,Nursing Home Understaffing Lawsuit,1,https://www.insiderlawyers.com/nursing-home-understaffing-lawsuit,,en-US,0,https://www.insiderlawyers.com/og-default.png,,yes,sitemap-guides-en.xml,894,
/nursing-home-wrongful-death,en,guide,yes,Wrongful Death in Nursing Homes | LA Wrongful Death Lawyers,59,"Wrongful death in nursing homes: when neglect or abuse causes death. Who can sue, damages, and how a Los Angeles wrongful death lawyer can help.",144,Wrongful Death in Nursing Homes,1,https://www.insiderlawyers.com/nursing-home-wrongful-death,,en-US,0,https://www.insiderlawyers.com/og-default.png,,yes,sitemap-guides-en.xml,836,
/parking-lot-accident-lawyer-los-angeles,en,la-claim,yes,Parking Lot Accident Claims LA | LA Parking | Insider Lawyers,61,"Los Angeles parking lot accident claim guide: backing vs. through-lane right-of-way, private-property surveillance, garage incidents, comparative fault, and how to.",164,Parking Lot Accident Lawyer Los Angeles,1,https://www.insiderlawyers.com/parking-lot-accident-lawyer-los-angeles,"index,follow,max-image-preview:large",en-US,4,https://www.insiderlawyers.com/og-default.png,"Answer,FAQPage,Question",yes,sitemap-core-en.xml,1377,
/passenger-in-uninsured-car,en,guide,yes,What If I Was a Passenger in an Uninsured Ca | Insider Lawyers,62,Passenger in an uninsured car? Who pays for your injuries when the at-fault driver has no insurance. California UM and liability explained.,139,What If I Was a Passenger in an Uninsured Car?,1,https://www.insiderlawyers.com/passenger-in-uninsured-car,"index,follow,max-image-preview:large",en-US,0,https://www.insiderlawyers.com/images/hero/ktown-bg.jpg,"WebPage,WebSite",yes,sitemap-guides-en.xml,1071,
/pedestrian-accident-lawyer-los-angeles,en,la-claim,yes,Pedestrian Accident Claims LA | CA Pedestria | Insider Lawyers,62,"Los Angeles pedestrian accident claim guide: California crosswalk and right-of-way rules, comparative fault, surveillance evidence, catastrophic-injury proof, and.",163,Pedestrian Accident Lawyer Los Angeles,1,https://www.insiderlawyers.com/pedestrian-accident-lawyer-los-angeles,"index,follow,max-image-preview:large",en-US,4,https://www.insiderlawyers.com/og-default.png,"Answer,FAQPage,Question",yes,sitemap-core-en.xml,1596,
/pedestrian-right-of-way,en,guide,yes,Pedestrian Right-of-Way Laws in California | Insider Lawyers,60,"Los Angeles injury guidance on pedestrian right of way with insurer-side insight, trial-ready strategy, and clear next steps.",125,Pedestrian Right-of-Way Laws in California,1,https://www.insiderlawyers.com/pedestrian-right-of-way,"index,follow,max-image-preview:large",en-US,0,https://www.insiderlawyers.com/images/hero/ktown-bg.jpg,"WebPage,WebSite",yes,sitemap-guides-en.xml,1021,
/personal-injury,en,hub,yes,California Personal Injury Claim Guide | Insider Lawyers,56,"A plain-English California personal injury claim guide: how claims work, how value is calculated, deadlines, insurance issues, settlements, and when to get a claim.",164,California Personal Injury Claim Guide,1,https://www.insiderlawyers.com/personal-injury,"index,follow,max-image-preview:large",en-US,4,https://www.insiderlawyers.com/images/hero/ktown-bg.jpg,"Answer,Article,FAQPage,Question,WebSite",yes,sitemap-core-en.xml,2508,
/personal-injury-case-feels-stalled-what-to-do,en,hub,yes,Personal Injury Case Feels Stalled—What to Do | Insider,55,"If your California injury case feels stalled: how to request status, tell insurer delay from lawyer delay, and when to seek a second opinion.",141,Personal Injury Case Feels Stalled—What to Do,1,https://www.insiderlawyers.com/personal-injury-case-feels-stalled-what-to-do,"index,follow,max-image-preview:large",en-US,0,https://www.insiderlawyers.com/images/hero/ktown-bg.jpg,"WebPage,WebSite",yes,sitemap-guides-en.xml,1107,
/personal-injury-case-stalled-california,en,hub,no,Injury Case Feels Stalled? What It Can Mean | Insider Lawyers,61,"If your California injury claim feels stuck, you are not alone. Learn normal delays, warning signs, insurance timing, and calm next steps.",138,When Your Personal Injury Case Feels Stalled in California,1,https://www.insiderlawyers.com/personal-injury-case-feels-stalled-what-to-do,"noindex, follow",en-US,0,https://www.insiderlawyers.com/images/hero/ktown-bg.jpg,"Answer,FAQPage,Question,WebPage,WebSite",no,,1573,
/personal-injury-claim-process-california,en,hub,yes,What Happens After Filing Injury Claim | Insider Lawyers,56,What happens after filing personal injury claim in California. Step-by-step litigation roadmap from intake through settlement or trial.,135,What Happens After Filing Personal Injury Claim,1,https://www.insiderlawyers.com/personal-injury-claim-process-california,"index,follow,max-image-preview:large",en-US,0,https://www.insiderlawyers.com/og-default.png,"Answer,FAQPage,Question",yes,sitemap-guides-en.xml,1192,
/personal-injury-court,en,hub,yes,Injury Cases in LA: Do I Have to Go to Court | Insider Lawyers,62,"Los Angeles personal injury representation for personal injury court with trial-ready strategy, former insurance defense insight, and Spanish-speaking intake.",158,Personal Injury Cases in Los Angeles: Do I Have to Go to Court?,1,https://www.insiderlawyers.com/personal-injury-court,"index,follow,max-image-preview:large",en-US,0,https://www.insiderlawyers.com/images/hero/ktown-bg.jpg,"WebPage,WebSite",yes,sitemap-guides-en.xml,1030,
/personal-injury-lawyer-not-responding-california,en,hub,yes,Injury Lawyer Not Responding? What Silence C | Insider Lawyers,62,"If your California injury attorney has gone quiet, you’re not overreacting. Learn what communication gaps can signal, what to document, and safe next steps—before.",163,When Your Personal Injury Lawyer Stops Responding: What It Means in California,1,https://www.insiderlawyers.com/personal-injury-lawyer-not-responding-california,"index,follow,max-image-preview:large",en-US,0,https://www.insiderlawyers.com/images/hero/ktown-bg.jpg,"Answer,FAQPage,Question,WebPage,WebSite",yes,sitemap-guides-en.xml,1904,
/personal-injury/animal-attacks,en,hub,yes,Animal Attack Lawyer Los Angeles | Insider Lawyers,50,Los Angeles animal attack attorneys handling dog bite and severe injury claims with trial-ready representation.,111,Animal Attack Lawyer Los Angeles,1,https://www.insiderlawyers.com/personal-injury/animal-attacks,"index,follow,max-image-preview:large",en-US,0,https://www.insiderlawyers.com/og-default.png,,yes,sitemap-core-en.xml,736,
/personal-injury/auto-accidents,en,hub,yes,Auto Accident Lawyer Los Angeles | Insider Lawyers,50,"Auto accident lawyer Los Angeles & auto accident lawyer in Los Angeles. Insurer insight, trial-ready. Free consultation 844-467-4335.",133,Auto Accident Lawyer Los Angeles,1,https://www.insiderlawyers.com/personal-injury/auto-accidents,"index,follow,max-image-preview:large",en-US,4,https://www.insiderlawyers.com/images/hero/ktown-bg.jpg,"Answer,FAQPage,Question,WebPage,WebSite",yes,sitemap-core-en.xml,1571,
/personal-injury/bicycle-accidents,en,hub,yes,Bicycle Accident Claims LA | CA Injury Claim | Insider Lawyers,62,"Los Angeles bicycle accident claim guide: doorings, intersection collisions, bike-lane right-of-way, helmet and gear evidence, dealing with the driver&rsquo;s.",159,Bicycle Accident Lawyer Los Angeles,1,https://www.insiderlawyers.com/personal-injury/bicycle-accidents,"index,follow,max-image-preview:large",en-US,0,https://www.insiderlawyers.com/og-default.png,,yes,sitemap-core-en.xml,1126,
/personal-injury/brain-injuries,en,hub,yes,Brain Injury Lawyer Los Angeles | Insider Lawyers,49,"Brain injury lawyer Los Angeles & traumatic brain injury lawyer. Causation proof, long-term care. Free consultation 844-467-4335.",129,Brain Injury Lawyer Los Angeles,1,https://www.insiderlawyers.com/personal-injury/brain-injuries,"index,follow,max-image-preview:large",en-US,4,https://www.insiderlawyers.com/images/hero/ktown-bg.jpg,"Answer,FAQPage,Question,WebPage,WebSite",yes,sitemap-core-en.xml,1376,
/personal-injury/catastrophic-injuries,en,hub,yes,Catastrophic Injury Lawyer Los Angeles | Insider Lawyers,56,Los Angeles catastrophic injury attorneys handling severe trauma and life-care planning claims with trial-ready strategy.,121,Catastrophic Injury Lawyer Los Angeles,1,https://www.insiderlawyers.com/personal-injury/catastrophic-injuries,"index,follow,max-image-preview:large",en-US,4,https://www.insiderlawyers.com/og-default.png,,yes,sitemap-core-en.xml,925,
/personal-injury/motorcycle-accidents,en,hub,yes,Motorcycle Accident Claims LA | CA Injury Cl | Insider Lawyers,62,"Los Angeles motorcycle accident claim guide: bias against riders, lane-splitting and California Vehicle Code 21658.1, hospital bills, helmet and gear evidence, lost.",165,Motorcycle Accident Lawyer Los Angeles,1,https://www.insiderlawyers.com/personal-injury/motorcycle-accidents,"index,follow,max-image-preview:large",en-US,0,https://www.insiderlawyers.com/og-default.png,,yes,sitemap-core-en.xml,1120,
/personal-injury/pedestrian-accidents,en,hub,yes,Pedestrian Accidents in CA Injury Claims | Insider Lawyers,58,"How pedestrian and crosswalk injury claims fit under California personal injury law: liability, insurance, and when to involve a lawyer.",136,Pedestrian Accident Lawyer Los Angeles,1,https://www.insiderlawyers.com/personal-injury/pedestrian-accidents,"index,follow,max-image-preview:large",en-US,0,https://www.insiderlawyers.com/og-default.png,,yes,sitemap-core-en.xml,708,
/personal-injury/premises-liability,en,hub,yes,Premises Liability Under CA Injury Law | Insider Lawyers,56,"Overview of premises liability within personal injury: unsafe property conditions, duty of care, and how claims are evaluated in California.",140,Premises Liability Lawyer Los Angeles,1,https://www.insiderlawyers.com/personal-injury/premises-liability,"index,follow,max-image-preview:large",en-US,0,https://www.insiderlawyers.com/og-default.png,,yes,sitemap-core-en.xml,857,
/personal-injury/product-liability,en,hub,yes,Product Liability Lawyer Los Angeles | Insider Lawyers,54,"Los Angeles product liability attorneys handling defect, warning, and manufacturing injury claims with trial-ready strategy.",124,Product Liability Lawyer Los Angeles,1,https://www.insiderlawyers.com/personal-injury/product-liability,"index,follow,max-image-preview:large",en-US,0,https://www.insiderlawyers.com/og-default.png,,yes,sitemap-core-en.xml,938,
/personal-injury/slip-and-fall,en,hub,yes,Slip and Fall Lawyer LA | CA Premises Liabil | Insider Lawyers,62,"Los Angeles slip and fall claim guide: dangerous conditions, notice, evidence, comparative fault, store and property-owner responses, and when to request a free.",161,Slip and Fall Lawyer Los Angeles,1,https://www.insiderlawyers.com/personal-injury/slip-and-fall,"index,follow,max-image-preview:large",en-US,4,https://www.insiderlawyers.com/og-default.png,,yes,sitemap-core-en.xml,926,
/personal-injury/spine-injuries,en,hub,yes,Spine Injury Lawyer Los Angeles | Insider Lawyers,49,"Los Angeles spine injury attorneys for disc, cord, and long-term orthopedic trauma claims with trial-ready strategy.",116,Spine Injury Lawyer Los Angeles,1,https://www.insiderlawyers.com/personal-injury/spine-injuries,"index,follow,max-image-preview:large",en-US,4,https://www.insiderlawyers.com/og-default.png,,yes,sitemap-core-en.xml,917,
/personal-injury/truck-accidents,en,hub,yes,Truck Accident Lawyer Los Angeles | Insider Lawyers,51,"Truck accident lawyer Los Angeles & California truck accident attorney. Multi-party liability, FMCSA evidence, trial-ready. Free consultation 844-467-4335.",155,Truck Accident Lawyer Los Angeles,1,https://www.insiderlawyers.com/personal-injury/truck-accidents,"index,follow,max-image-preview:large",en-US,4,https://www.insiderlawyers.com/images/hero/ktown-bg.jpg,"Answer,FAQPage,Question,WebPage,WebSite",yes,sitemap-core-en.xml,1691,
/personal-injury/truck-accidents/fmcsa-hours-of-service,en,hub,yes,FMCSA Hours-of-Service Violations | Insider Lawyers,51,How FMCSA hours-of-service violations affect truck accident liability and compensation in California cases.,107,FMCSA Hours-of-Service Violations in Truck Accident Cases,1,https://www.insiderlawyers.com/personal-injury/truck-accidents/fmcsa-hours-of-service,"index,follow,max-image-preview:large",en-US,0,https://www.insiderlawyers.com/images/hero/ktown-bg.jpg,,yes,sitemap-core-en.xml,860,
/personal-injury/truck-accidents/truck-accident-evidence,en,hub,yes,Truck Accident Evidence Preservation Guide | Insider Lawyers,60,"What evidence matters in truck accident cases and how to preserve black box, ELD, maintenance, and loading records.",115,Truck Accident Evidence Preservation Guide,1,https://www.insiderlawyers.com/personal-injury/truck-accidents/truck-accident-evidence,"index,follow,max-image-preview:large",en-US,0,https://www.insiderlawyers.com/og-default.png,,yes,sitemap-core-en.xml,791,
/personal-injury/truck-accidents/truck-accident-liability,en,hub,yes,Truck Accident Liability Guide | Insider Lawyers,48,"Who can be liable in a truck crash: driver, carrier, owner, loader, maintenance contractor, and manufacturer.",109,Truck Accident Liability Guide,1,https://www.insiderlawyers.com/personal-injury/truck-accidents/truck-accident-liability,"index,follow,max-image-preview:large",en-US,0,https://www.insiderlawyers.com/og-default.png,,yes,sitemap-core-en.xml,816,
/personal-injury/uber-and-lyft-accidents,en,hub,yes,Uber & Lyft Accident Claims LA | CA Ride | Insider Lawyers,58,"Los Angeles Uber and Lyft accident claim guide: the three rideshare insurance periods, when the $1M policy applies, passenger vs.",129,Uber and Lyft Accident Lawyer Los Angeles,1,https://www.insiderlawyers.com/personal-injury/uber-and-lyft-accidents,"index,follow,max-image-preview:large",en-US,0,https://www.insiderlawyers.com/og-default.png,,yes,sitemap-core-en.xml,1445,
/personal-injury/wrongful-death,en,hub,yes,Wrongful Death Lawyer Los Angeles | Insider Lawyers,51,"Wrongful death lawyer Los Angeles & Los Angeles wrongful death lawyer. Liability proof, damages. Free consultation 844-467-4335.",128,Wrongful Death Lawyer Los Angeles,1,https://www.insiderlawyers.com/personal-injury/wrongful-death,"index,follow,max-image-preview:large",en-US,4,https://www.insiderlawyers.com/images/hero/ktown-bg.jpg,"Answer,FAQPage,Question,WebPage,WebSite",yes,sitemap-core-en.xml,1392,
/post-dog-bite,en,guide,yes,Four Things to Do After a Dog Bite | Insider Lawyers,52,"Los Angeles injury guidance on post dog bite with insurer-side insight, trial-ready strategy, and clear next steps.",115,Four Things to Do After a Dog Bite,1,https://www.insiderlawyers.com/post-dog-bite,"index,follow,max-image-preview:large",en-US,0,https://www.insiderlawyers.com/images/hero/ktown-bg.jpg,"WebPage,WebSite",yes,sitemap-guides-en.xml,1035,
/premises-liability,en,guide,yes,Premises Liability Lawyer Los Angeles | Insider Lawyers,55,"Premises liability lawyer Los Angeles &amp; near me. Slip and fall, negligent security, unsafe property. California liability &amp; notice.",139,Premises Liability Lawyers — Los Angeles,1,https://www.insiderlawyers.com/premises-liability,"index,follow",en-US,4,https://www.insiderlawyers.com/images/hero/ktown-bg.jpg,"Answer,FAQPage,Question,WebPage,WebSite",yes,sitemap-core-en.xml,1578,
/premises-liability/negligent-security-lawyer-los-angeles,en,la-claim,yes,Negligent Security Lawyer Los Angeles | Insider Lawyers,55,"Negligent security lawyer Los Angeles. Property owner duty, foreseeability, and California premises liability. Free consultation.",129,Negligent Security Lawyer Los Angeles,1,https://www.insiderlawyers.com/premises-liability/negligent-security-lawyer-los-angeles,"index,follow",en-US,0,https://www.insiderlawyers.com/og-default.png,"Answer,FAQPage,Question",yes,sitemap-core-en.xml,1180,
/pressure-ulcers-nursing-home-neglect,en,guide,yes,Pressure Ulcers From Nursing Home Neglect | Insider Lawyers,59,"What pressure ulcers (bedsores) are, how they develop in nursing homes, and why they indicate neglect. Pressure ulcer attorneys and bed sore lawyers in Los Angeles.",164,Pressure Ulcers From Nursing Home Neglect,1,https://www.insiderlawyers.com/pressure-ulcers-nursing-home-neglect,,en-US,4,https://www.insiderlawyers.com/og-default.png,,yes,sitemap-core-en.xml,1062,
/privacy-policy,en,legal,yes,Privacy Policy | Insider Lawyers,32,"How Insider Lawyers collects, uses, and shares information from the website, forms, phone calls, text messages, analytics, advertising, and CallRail.",149,Privacy Policy,1,https://www.insiderlawyers.com/privacy-policy,"index,follow,max-image-preview:large",en-US,4,https://www.insiderlawyers.com/og-default.png,"WebPage,WebSite",yes,sitemap-legal.xml,1433,
/proving-claim-value,en,claim-guide,yes,How to Prove the True Value of Your Injury C | Insider Lawyers,62,"How to prove liability and damages in a California injury claim with medical records, wage loss, expert reports, and trial-ready documentation.",143,How to Prove the True Value of Your Injury Claim,1,https://www.insiderlawyers.com/proving-claim-value,"index,follow,max-image-preview:large",en-US,0,https://www.insiderlawyers.com/images/hero/ktown-bg.jpg,"WebPage,WebSite",yes,sitemap-guides-en.xml,988,
/proving-truck-accident-case,en,guide,yes,Proving a Truck Accident Case | Insider Lawyers,47,"How to prove a truck accident case with liability, evidence, and coverage insights with insurer-side insight, trial-ready strategy, and clear next steps.",153,Proving a Truck Accident Case,1,https://www.insiderlawyers.com/proving-truck-accident-case,"index,follow,max-image-preview:large",en-US,0,https://www.insiderlawyers.com/images/hero/ktown-bg.jpg,"WebPage,WebSite",yes,sitemap-guides-en.xml,1020,
/rear-end-accident-lawyer-los-angeles,en,la-claim,yes,Rear End Accident Lawyer Los Angeles | Insider Lawyers,54,"Rear end accident lawyer Los Angeles. Build leverage fast with black-box data, scene evidence, and medical proof before insurers frame your claim.",146,Rear End Accident Lawyer Los Angeles,1,https://www.insiderlawyers.com/rear-end-accident-lawyer-los-angeles,"index,follow,max-image-preview:large",en-US,4,https://www.insiderlawyers.com/images/hero/ktown-bg.jpg,"Answer,FAQPage,Question",yes,sitemap-core-en.xml,1920,
/recorded-statement-should-you-give-one,en,guide,yes,Recorded Statements: Should You Give One? | Insider,51,"When to give a recorded statement to the insurance company after a California accident, what to say, what to avoid, and when to decline.",136,Recorded Statements: Should You Give One?,1,https://www.insiderlawyers.com/recorded-statement-should-you-give-one,"index,follow,max-image-preview:large",en-US,0,https://www.insiderlawyers.com/images/hero/ktown-bg.jpg,"WebPage,WebSite",yes,sitemap-guides-en.xml,1033,
/recover-destroyed-scooter-ebike,en,guide,yes,Damaged Scooter or E - Bike After an Acciden | Insider Lawyers,62,"Scooter or e-bike destroyed in a California crash? Learn how to recover property damage, when UMPD applies, what to do if the driver fled, and when an injury claim.",164,Damaged Scooter or E-Bike After a California Accident,1,https://www.insiderlawyers.com/recover-destroyed-scooter-ebike,"index,follow,max-image-preview:large",en-US,4,https://www.insiderlawyers.com/images/hero/ktown-bg.jpg,"Answer,Article,FAQPage,Question,WebSite",yes,sitemap-core-en.xml,2032,
/scooter-accident-driver-fled,en,guide,yes,What If the Driver Fled the Scene? Scooter A | Insider Lawyers,62,"Scooter or e-bike accident and the driver fled? Hit-and-run recovery, UM coverage, and what to do in Los Angeles. Free claim review available 24/7.",147,What If the Driver Fled the Scene? Scooter Accident,1,https://www.insiderlawyers.com/scooter-accident-driver-fled,"index,follow,max-image-preview:large",en-US,0,https://www.insiderlawyers.com/images/hero/ktown-bg.jpg,"WebPage,WebSite",yes,sitemap-guides-en.xml,1074,
/scooter-accident-no-license-plate,en,guide,yes,What If There's No License Plate? Scooter Ac | Insider Lawyers,62,Scooter or e-bike accident with no license plate? You can still recover. UM coverage applies when the at-fault driver is unknown. LA injury lawyer.,147,What If There's No License Plate? Scooter Accident,1,https://www.insiderlawyers.com/scooter-accident-no-license-plate,"index,follow,max-image-preview:large",en-US,0,https://www.insiderlawyers.com/images/hero/ktown-bg.jpg,"WebPage,WebSite",yes,sitemap-guides-en.xml,1046,
/second-opinion-before-signing-release-california,en,guide,yes,Second Opinion Before Signing a Settlement R | Insider Lawyers,62,"Already have a PI lawyer and a settlement offer? Before you sign a California injury release, what a second opinion can clarify—finality, liens, future care—without.",165,Worried About Signing Your Injury Settlement Release in California?,1,https://www.insiderlawyers.com/second-opinion-before-signing-release-california,"index,follow,max-image-preview:large",en-US,0,https://www.insiderlawyers.com/images/hero/ktown-bg.jpg,"Answer,FAQPage,Question,WebPage,WebSite",yes,sitemap-core-en.xml,1760,
/second-opinion-personal-injury-claim-california,en,claim-guide,yes,How to Get a Second Opinion From a Injury La | Insider Lawyers,62,"How to get a neutral second opinion from a personal injury lawyer in California: what it covers, when to ask, how it differs from switching lawyers, what to bring.",163,Second Opinion on a Personal Injury Claim in California,1,https://www.insiderlawyers.com/second-opinion-personal-injury-claim-california,"index,follow,max-image-preview:large",en-US,4,https://www.insiderlawyers.com/images/hero/ktown-bg.jpg,"Answer,Article,FAQPage,Question,WebSite",yes,sitemap-core-en.xml,2470,
/settlements,en,hub,yes,CA Injury Settlement Guide: Review an Offer | Insider Lawyers,61,"A plain-English California personal injury settlement guide. What a settlement covers, future medical care, liens, what a release actually gives up, and how to.",160,California Personal Injury Settlement Guide,1,https://www.insiderlawyers.com/settlements,"index,follow,max-image-preview:large",en-US,4,https://www.insiderlawyers.com/images/hero/ktown-bg.jpg,"Answer,Article,FAQPage,Question,WebSite",yes,sitemap-core-en.xml,1984,
/should-i-accept-first-settlement-offer-california,en,claim-guide,yes,Should I Accept the First Settlement in CA? | Insider Lawyers,61,"Should you accept the first insurance settlement offer in California? Why first offers are usually a starting point, what the release gives up, and how to evaluate.",164,Should I Accept the First Settlement Offer in California?,1,https://www.insiderlawyers.com/should-i-accept-first-settlement-offer-california,"index,follow,max-image-preview:large",en-US,0,https://www.insiderlawyers.com/images/hero/ktown-bg.jpg,"Answer,FAQPage,Question,WebPage,WebSite",yes,sitemap-guides-en.xml,1455,
/should-i-accept-insurance-first-offer,en,guide,no,Should I Accept Insurance Settlement Offer | Insider Lawyers,60,"Should I accept insurance settlement offer? Learn first-offer risk, lowball tactics, and demand-package leverage in California injury claims.",141,Should I Accept Insurance Settlement Offer,1,https://www.insiderlawyers.com/should-i-accept-first-settlement-offer-california,"noindex, follow",en-US,0,https://www.insiderlawyers.com/og-default.png,"Answer,FAQPage,Question",no,,1180,
/signs-of-nursing-home-neglect,en,guide,yes,Signs of Nursing Home Neglect | What Families Should Watch For,62,"Warning signs of nursing home neglect: weight loss, dehydration, falls, bed sores, infections. When to call a bed sore attorney. Los Angeles elder abuse lawyers.",161,Signs of Nursing Home Neglect,1,https://www.insiderlawyers.com/signs-of-nursing-home-neglect,,en-US,0,https://www.insiderlawyers.com/og-default.png,,yes,sitemap-guides-en.xml,1016,
/signs-personal-injury-lawyer-not-maximizing-case,en,guide,yes,Signs Your Injury Lawyer May Not Be Maximizi | Insider Lawyers,62,"Neutral checklist: communication gaps, strategy questions, and settlement timing—when to ask more or seek a second opinion in California.",137,Signs Your Personal Injury Lawyer May Not Be Maximizing the Case,1,https://www.insiderlawyers.com/signs-personal-injury-lawyer-not-maximizing-case,"index,follow,max-image-preview:large",en-US,0,https://www.insiderlawyers.com/images/hero/ktown-bg.jpg,"WebPage,WebSite",yes,sitemap-guides-en.xml,1058,
/soft-tissue-injury-settlement-california,en,claim-guide,yes,Soft Tissue Injury Settlement California | Insider Lawyers,58,Soft tissue injury settlement California. Counter defense minimization and build objective support for whiplash and related injury claims.,138,Soft Tissue Injury Settlement California,1,https://www.insiderlawyers.com/soft-tissue-injury-settlement-california,"index,follow,max-image-preview:large",en-US,0,https://www.insiderlawyers.com/og-default.png,"Answer,FAQPage,Question",yes,sitemap-guides-en.xml,1162,
/spinal-fusion-surgery-car-accident-settlement-california,en,claim-guide,yes,Spinal Fusion Surgery Car Accident Settlemen | Insider Lawyers,62,"Spinal fusion surgery car accident settlement California. Prove necessity, causation, and long-term damages with expert-backed evidence.",136,Spinal Fusion Surgery Car Accident Settlement California,1,https://www.insiderlawyers.com/spinal-fusion-surgery-car-accident-settlement-california,"index,follow,max-image-preview:large",en-US,0,https://www.insiderlawyers.com/og-default.png,"Answer,FAQPage,Question",yes,sitemap-guides-en.xml,1184,
/stage-3-stage-4-bed-sore-lawsuit,en,guide,yes,Stage 3 and Stage 4 Bed Sores | Bed Sore Attorney,49,"Stage 3 and Stage 4 bed sores: severity, sepsis risk, surgery, settlements. Los Angeles bed sore attorney and pressure ulcer lawyer. Free consultation.",151,Stage 3 and Stage 4 Bed Sores,1,https://www.insiderlawyers.com/stage-3-stage-4-bed-sore-lawsuit,,en-US,0,https://www.insiderlawyers.com/og-default.png,,yes,sitemap-guides-en.xml,1026,
/t-bone-accident-claim-value-california,en,claim-guide,yes,T - Bone Accident Claim Value in CA | Injury | Insider Lawyers,62,"Learn how T-bone accident claims are valued in California, including fault disputes, injuries, insurance coverage, medical evidence, and settlement factors.",156,How T-Bone Accident Claims Are Valued in California,1,https://www.insiderlawyers.com/t-bone-accident-claim-value-california,"index,follow,max-image-preview:large",en-US,4,https://www.insiderlawyers.com/images/hero/ktown-bg.jpg,"Answer,Article,FAQPage,Question,WebSite",yes,sitemap-core-en.xml,1772,
/t-bone-accident-lawyer-los-angeles,en,la-claim,yes,T Bone Accident Lawyer Los Angeles | Insider Lawyers,52,"T bone accident lawyer Los Angeles. Intersection liability, right-of-way proof, intrusion injury valuation, and trial-ready strategy.",133,T Bone Accident Lawyer Los Angeles,1,https://www.insiderlawyers.com/t-bone-accident-lawyer-los-angeles,"index,follow,max-image-preview:large",en-US,4,https://www.insiderlawyers.com/og-default.png,"Answer,FAQPage,Question",yes,sitemap-core-en.xml,1576,
/thank-you,en,guide,no,Thank You | Insider Lawyers,27,Your claim review request has been received. The Insider Lawyers team will follow up shortly with next steps for your California injury claim.,142,Thank You,1,https://www.insiderlawyers.com/thank-you,"noindex,follow",en-US,0,https://www.insiderlawyers.com/og-default.png,,no,,380,
/traumatic-brain-injury-car-accident-settlement-california,en,claim-guide,yes,Traumatic Brain Injury Car Accident Settleme | Insider Lawyers,62,"Traumatic brain injury car accident settlement California. Build TBI value through neuroimaging, cognitive evidence, and lifetime damages modeling.",147,Traumatic Brain Injury Car Accident Settlement California,1,https://www.insiderlawyers.com/traumatic-brain-injury-car-accident-settlement-california,"index,follow,max-image-preview:large",en-US,0,https://www.insiderlawyers.com/og-default.png,"Answer,FAQPage,Question",yes,sitemap-guides-en.xml,1147,
/truck-accident-legal-rights,en,guide,yes,Truck Accident Legal Rights Guide | Insider Lawyers,51,"Truck accident legal rights in California, including liability, evidence, and compensation with insurer-side insight, trial-ready strategy, and clear next steps.",161,Truck Accident Legal Rights Guide,1,https://www.insiderlawyers.com/truck-accident-legal-rights,"index,follow,max-image-preview:large",en-US,0,https://www.insiderlawyers.com/images/hero/ktown-bg.jpg,"WebPage,WebSite",yes,sitemap-guides-en.xml,1087,
/uber-accident-lawyer-los-angeles,en,la-claim,yes,Uber Accident Lawyer Los Angeles | Insider Lawyers,50,Uber accident lawyer Los Angeles. Resolve rideshare app-status disputes and layered insurance coverage with trial-ready strategy.,129,Uber Accident Lawyer Los Angeles,1,https://www.insiderlawyers.com/uber-accident-lawyer-los-angeles,"index,follow,max-image-preview:large",en-US,4,https://www.insiderlawyers.com/og-default.png,"Answer,FAQPage,Question",yes,sitemap-core-en.xml,1218,
/uber-or-lyft-accident,en,guide,yes,How to File an Injury Claim After an Uber or | Insider Lawyers,62,"Los Angeles injury guidance on uber or lyft accident with insurer-side insight, trial-ready strategy, and clear next steps.",123,How to File an Injury Claim After an Uber or Lyft Accident,1,https://www.insiderlawyers.com/uber-or-lyft-accident,"index,follow,max-image-preview:large",en-US,0,https://www.insiderlawyers.com/images/hero/ktown-bg.jpg,"WebPage,WebSite",yes,sitemap-guides-en.xml,1049,
/underinsured-motorist-claims-explained,en,claim-guide,yes,Underinsured Motorist (UIM) Claims Explained | Insider,54,"When the at-fault driver's liability limits aren't enough, your underinsured motorist (UIM) coverage may pay the difference. How UIM claims work in California.",159,Underinsured Motorist (UIM) Claims Explained,1,https://www.insiderlawyers.com/underinsured-motorist-claims-explained,"index,follow,max-image-preview:large",en-US,0,https://www.insiderlawyers.com/images/hero/ktown-bg.jpg,"WebPage,WebSite",yes,sitemap-guides-en.xml,1033,
/uninsured-driver-accident-lawyer-los-angeles,en,la-claim,yes,Uninsured Driver Accident Lawyer Los Angeles | Insider Lawyers,62,"Uninsured driver accident lawyer Los Angeles. Maximize UM/UIM recovery with policy analysis, liability proof, and insurer-pressure litigation strategy.",151,Uninsured Driver Accident Lawyer Los Angeles,1,https://www.insiderlawyers.com/uninsured-driver-accident-lawyer-los-angeles,"index,follow,max-image-preview:large",en-US,4,https://www.insiderlawyers.com/og-default.png,"Answer,FAQPage,Question",yes,sitemap-core-en.xml,1611,
/uninsured-motorist-claims-california,en,claim-guide,yes,Uninsured Motorist Claims in California | LA Lawyer,51,"Uninsured motorist (UM) claims in California explained. When the at-fault driver has no insurance or flees, your UM coverage may apply.",135,Uninsured Motorist Claims in California,1,https://www.insiderlawyers.com/uninsured-motorist-claims-california,"index,follow,max-image-preview:large",en-US,0,https://www.insiderlawyers.com/images/hero/ktown-bg.jpg,"Answer,BreadcrumbList,FAQPage,ListItem,Question,WebPage,WebSite",yes,sitemap-guides-en.xml,1431,
/what-causes-bed-sores,en,guide,yes,What Causes Bed Sores in Nursing Homes? | Im | Insider Lawyers,62,"What causes bed sores: immobility, poor nutrition, lack of repositioning, untreated wounds. Bedsore attorney and bed sore lawyer in Los Angeles.",144,What Causes Bed Sores in Nursing Homes?,1,https://www.insiderlawyers.com/what-causes-bed-sores,,en-US,0,https://www.insiderlawyers.com/og-default.png,,yes,sitemap-guides-en.xml,958,
/what-happens-if-i-fire-my-accident-attorney,en,guide,no,What Happens If I Fire My Accident Attorney? | Insider,54,"Firing your accident attorney in California: deadlines, fee liens, file transfer, and how new counsel steps in—explained in plain language.",139,What Happens If I Fire My Accident Attorney?,1,https://www.insiderlawyers.com/changing-personal-injury-lawyer-california,"noindex, follow",en-US,0,https://www.insiderlawyers.com/images/hero/ktown-bg.jpg,"WebPage,WebSite",no,,1025,
/what-if-i-cant-afford-deductible,en,guide,yes,What If I Can't Afford My Deductible? | Insider,47,"Options when you can't pay your car insurance deductible after a California accident: liability claims, medical payments, financing, and waivers.",145,What If I Can't Afford My Deductible?,1,https://www.insiderlawyers.com/what-if-i-cant-afford-deductible,"index,follow,max-image-preview:large",en-US,0,https://www.insiderlawyers.com/images/hero/ktown-bg.jpg,"WebPage,WebSite",yes,sitemap-guides-en.xml,1041,
/what-if-liability-disputed,en,guide,yes,What If Liability Is Disputed? | Insider | Insider Lawyers,58,"When the other side blames you for a California accident, how comparative fault works, what evidence resets the narrative, and when to push back.",145,What If Liability Is Disputed?,1,https://www.insiderlawyers.com/what-if-liability-disputed,"index,follow,max-image-preview:large",en-US,0,https://www.insiderlawyers.com/images/hero/ktown-bg.jpg,"WebPage,WebSite",yes,sitemap-guides-en.xml,1033,
/what-is-uninsured-motorist-coverage,en,guide,yes,What Is Uninsured Motorist (UM) Coverage? | Insider,51,"How uninsured motorist (UM) coverage works in California when the at-fault driver has no insurance or flees the scene, and how UM claims are paid.",146,What Is Uninsured Motorist (UM) Coverage?,1,https://www.insiderlawyers.com/what-is-uninsured-motorist-coverage,"index,follow,max-image-preview:large",en-US,0,https://www.insiderlawyers.com/images/hero/ktown-bg.jpg,"WebPage,WebSite",yes,sitemap-guides-en.xml,1037,
/what-to-do-after-car-accident-california,en,guide,yes,What To Do After a Car Accident in California (Step-by-Step),60,"Step-by-step guide: what to do after a car accident in California. Safety, police report, medical care, and when to call a lawyer. Free claim review available 24/7.",164,What To Do After a Car Accident in California (Step-by-Step),1,https://www.insiderlawyers.com/what-to-do-after-car-accident-california,"index,follow,max-image-preview:large",en-US,0,https://www.insiderlawyers.com/images/hero/ktown-bg.jpg,"Answer,BreadcrumbList,FAQPage,ListItem,Question,WebPage,WebSite",yes,sitemap-guides-en.xml,1432,
/when-should-i-call-lawyer-accident,en,guide,yes,When Should I Call a Lawyer After an Accident? | Insider,56,"When to contact a California injury lawyer after a car accident: timing, red flags, and what to expect.",103,When Should I Call a Lawyer After an Accident?,1,https://www.insiderlawyers.com/when-should-i-call-lawyer-accident,"index,follow,max-image-preview:large",en-US,0,https://www.insiderlawyers.com/images/hero/ktown-bg.jpg,"WebPage,WebSite",yes,sitemap-guides-en.xml,1012,
/who-is-liable-scooter-accident,en,guide,yes,Who Is Liable in a Scooter Accident? | Insid | Insider Lawyers,62,"Liability for e-scooter and e-bike accidents in California: rider, rental company, the driver who hit you, or a property owner — and how claims are split.",154,Who Is Liable in a Scooter Accident?,1,https://www.insiderlawyers.com/who-is-liable-scooter-accident,"index,follow,max-image-preview:large",en-US,0,https://www.insiderlawyers.com/images/hero/ktown-bg.jpg,"WebPage,WebSite",yes,sitemap-guides-en.xml,1037,
/why-insurance-delays-claims,en,claim-guide,yes,Why Insurance Companies Delay Claims | Insid | Insider Lawyers,62,"Common reasons insurance companies delay California injury claims, what you can do to push the file forward, and when delay becomes bad faith.",142,Why Insurance Companies Delay Claims,1,https://www.insiderlawyers.com/why-insurance-delays-claims,"index,follow,max-image-preview:large",en-US,0,https://www.insiderlawyers.com/images/hero/ktown-bg.jpg,"WebPage,WebSite",yes,sitemap-guides-en.xml,1025,
/es,es,homepage,yes,Reclamos por Lesiones en California | Insider Lawyers,53,"Recurso en español para personas lesionadas en California. Revisión gratuita del reclamo, segunda opinión del caso y ayuda para entender ofertas de la aseguranza.",162,Entienda su reclamo por lesiones antes de tomar una decisión,1,https://www.insiderlawyers.com/es/,,es-US,5,https://www.insiderlawyers.com/images/hero/ktown-bg.jpg,"Answer,FAQPage,Organization,Question,WebSite",yes,sitemap-es.xml,1257,
/es/abogado-accidente-conductor-sin-seguro-los-angeles,es,es-content,yes,Conductor sin Seguro en LA | Insider Lawyers,44,"Qué hacer cuando el otro conductor no tiene seguro en LA. Cómo funciona su UM/UIM, evidencia y revisión.",104,Accidente con conductor sin seguro en Los Ángeles,1,https://www.insiderlawyers.com/es/abogado-accidente-conductor-sin-seguro-los-angeles/,"index,follow,max-image-preview:large",es-US,5,https://www.insiderlawyers.com/images/uninsured-driver-accident-frustration.jpg,"Answer,Article,FAQPage,Question,WebSite",yes,sitemap-es.xml,948,
/es/abogado-accidente-estacionamiento-los-angeles,es,es-content,yes,Accidente en Estacionamiento LA | Insider Lawyers,49,"Reclamos por accidente en estacionamiento en Los Ángeles: culpa, cámara, lesiones a peatones y revisión gratuita.",113,Accidentes en estacionamiento en Los Ángeles,1,https://www.insiderlawyers.com/es/abogado-accidente-estacionamiento-los-angeles/,"index,follow,max-image-preview:large",es-US,5,https://www.insiderlawyers.com/images/parking-lot-accident-lawyer-dusk.jpg,"Answer,Article,FAQPage,Question,WebSite",yes,sitemap-es.xml,925,
/es/abogado-accidente-fuga-los-angeles,es,es-content,yes,Accidente con Fuga en LA | Insider Lawyers,42,"Reclamos por accidente con fuga en LA: pasos inmediatos, cobertura UM/UIM, evidencia y revisión del caso.",105,Accidente con fuga (hit and run) en Los Ángeles,1,https://www.insiderlawyers.com/es/abogado-accidente-fuga-los-angeles/,"index,follow,max-image-preview:large",es-US,5,https://www.insiderlawyers.com/images/hit-and-run-accident-lawyer-night.jpg,"Answer,Article,FAQPage,Question,WebSite",yes,sitemap-es.xml,967,
/es/abogado-accidente-peaton-los-angeles,es,es-content,yes,Atropello a Peatón en LA | Insider Lawyers,42,"Reclamos por atropello a peatón en Los Ángeles: cómo se establece la culpa, qué evidencia importa, qué cobertura aplica y cómo se calcula la indemnización.",155,Atropello a peatón en Los Ángeles,1,https://www.insiderlawyers.com/es/abogado-accidente-peaton-los-angeles/,"index,follow,max-image-preview:large",es-US,5,https://www.insiderlawyers.com/images/los-angeles-pedestrian-accident-crosswalk.jpg,"Answer,Article,FAQPage,Question,WebSite",yes,sitemap-es.xml,924,
/es/abogado-accidente-scooter-bicicleta-electrica-los-angeles,es,es-content,yes,Accidente Scooter / E-Bike LA | Insider Lawyers,47,"Reclamos por accidentes en scooter, e-bike y bicicleta eléctrica en Los Ángeles: lesiones, cobertura y revisión del caso.",121,Accidentes de scooter y bicicleta eléctrica en Los Ángeles,1,https://www.insiderlawyers.com/es/abogado-accidente-scooter-bicicleta-electrica-los-angeles/,"index,follow,max-image-preview:large",es-US,5,https://www.insiderlawyers.com/images/electric-scooter-accident-lawyer-santa-monica.jpg,"Answer,Article,FAQPage,Question,WebSite",yes,sitemap-es.xml,970,
/es/abogado-accidente-uber-lyft-los-angeles,es,es-content,yes,Accidente Uber / Lyft en LA | Insider Lawyers,45,"Reclamos por accidente en Uber, Lyft u otro rideshare en LA: cobertura de $1M, quién paga y revisión del caso.",110,Accidente Uber o Lyft en Los Ángeles,1,https://www.insiderlawyers.com/es/abogado-accidente-uber-lyft-los-angeles/,"index,follow,max-image-preview:large",es-US,5,https://www.insiderlawyers.com/images/uber-lyft-accident-scene-night.jpg,"Answer,Article,FAQPage,Question,WebSite",yes,sitemap-es.xml,975,
/es/abogado-accidentes-auto-california,es,es-content,yes,Reclamos por Accidentes en CA | Insider Lawyers,47,"Cómo funcionan los reclamos por accidentes de auto en California: cobertura, culpa comparativa, plazos, ofertas y cuándo pedir una revisión.",140,Ayuda con reclamos por accidentes de auto en California,1,https://www.insiderlawyers.com/es/abogado-accidentes-auto-california/,"index,follow,max-image-preview:large",es-US,5,https://www.insiderlawyers.com/images/california-car-accident-lawyer-highway.jpg,"Answer,Article,FAQPage,Question,WebSite",yes,sitemap-es.xml,1000,
/es/abogado-accidentes-auto-los-angeles,es,es-content,yes,Reclamos de Accidentes en LA | Insider Lawyers,46,"Ayuda en español para reclamos por accidentes de auto en Los Ángeles. Revise su caso, evite ofertas bajas y entienda sus opciones antes de aceptar.",147,Ayuda para reclamos por accidentes de auto en Los Ángeles,1,https://www.insiderlawyers.com/es/abogado-accidentes-auto-los-angeles/,"index,follow,max-image-preview:large",es-US,5,https://www.insiderlawyers.com/images/car-accident-lawyer-los-angeles-downtown.jpg,"Answer,Article,FAQPage,Question,WebSite",yes,sitemap-es.xml,1062,
/es/abogado-choque-lateral-los-angeles,es,es-content,yes,Choque Lateral en LA | Insider Lawyers,38,"Ayuda para reclamos por choque lateral en LA: culpa, evidencia, cobertura, lesiones y revisión gratuita en español.",115,Choques laterales (T-Bone) en Los Ángeles,1,https://www.insiderlawyers.com/es/abogado-choque-lateral-los-angeles/,"index,follow,max-image-preview:large",es-US,5,https://www.insiderlawyers.com/images/t-bone-accident-intersection-scene.jpg,"Answer,Article,FAQPage,Question,WebSite",yes,sitemap-es.xml,918,
/es/abogado-choque-por-alcance-los-angeles,es,es-content,yes,Choque por Alcance en LA | Insider Lawyers,42,"Reclamos por choque por alcance en LA: lesiones de cuello y espalda, ofertas bajas y revisión del caso en español.",114,Choques por alcance (rear-end) en Los Ángeles,1,https://www.insiderlawyers.com/es/abogado-choque-por-alcance-los-angeles/,"index,follow,max-image-preview:large",es-US,5,https://www.insiderlawyers.com/images/rear-end-accident-bumper-damage.jpg,"Answer,Article,FAQPage,Question,WebSite",yes,sitemap-es.xml,926,
/es/abogado-negligencia-asilo-ancianos-los-angeles,es,es-content,yes,Negligencia en Asilos en LA | Insider Lawyers,45,Señales de negligencia o abuso en asilos de ancianos en LA. Revisión confidencial del caso y pasos para proteger a su familiar.,127,Revisión de casos de negligencia en asilos de ancianos en Los Ángeles,1,https://www.insiderlawyers.com/es/abogado-negligencia-asilo-ancianos-los-angeles/,"index,follow,max-image-preview:large",es-US,5,https://www.insiderlawyers.com/images/nursing-home/caregiver-elderly-resident.png,"Answer,Article,FAQPage,Question,WebSite",yes,sitemap-es.xml,989,
/es/accesibilidad,es,legal-es,yes,Accesibilidad | Insider Lawyers,31,Declaración de accesibilidad del sitio en español. La versión oficial en inglés es la que controla legalmente.,110,Accesibilidad,1,https://www.insiderlawyers.com/es/accesibilidad/,"index,follow,max-image-preview:large",es-US,5,https://www.insiderlawyers.com/images/hero/ktown-bg.jpg,"Answer,Article,FAQPage,Question,WebSite",yes,sitemap-legal.xml,923,
/es/accidente-auto-grave,es,es-content,yes,Accidentes de Auto Graves en CA | Insider Lawyers,49,"Pasos prácticos después de un accidente de auto grave en California: tratamiento, evidencia, aseguranza, pérdida de ingresos y cuándo pedir una revisión del caso.",162,Accidente de auto grave en California,1,https://www.insiderlawyers.com/es/accidente-auto-grave/,"index,follow,max-image-preview:large",es-US,5,https://www.insiderlawyers.com/images/major-car-accident-traffic-jam.jpg,"Answer,Article,FAQPage,Question,WebSite",yes,sitemap-es.xml,1143,
/es/accidentes-vehiculos,es,es-content,yes,Reclamos por Accidentes Automovilísticos | Insider Lawyers,58,"Reclamos por accidentes de auto, camión, motocicleta, Uber/Lyft, autobús y otros vehículos en California. Cómo proteger su caso y revisar la oferta de la aseguranza.",165,Reclamos por accidentes de vehículos en California,1,https://www.insiderlawyers.com/es/accidentes-vehiculos/,"index,follow,max-image-preview:large",es-US,5,https://www.insiderlawyers.com/images/california-car-accident-lawyer-highway.jpg,"Answer,Article,FAQPage,Question,WebSite",yes,sitemap-es.xml,1045,
/es/acuerdos-liquidaciones-lesiones,es,es-content,yes,Acuerdos por Lesiones en California | Insider Lawyers,53,"Cómo funcionan las liquidaciones por lesiones en California: qué cubren, cuándo conviene firmar, liens, releases y cómo se desembolsa el dinero.",144,Guía de liquidaciones por lesiones en California,1,https://www.insiderlawyers.com/es/acuerdos-liquidaciones-lesiones/,"index,follow,max-image-preview:large",es-US,5,https://www.insiderlawyers.com/images/insurance-settlement-offer-check-hesitation.jpg,"Answer,Article,FAQPage,Question,WebSite",yes,sitemap-es.xml,1233,
/es/aviso-legal,es,legal-es,yes,Aviso Legal | Insider Lawyers,29,Resumen en español del aviso legal del sitio. La versión oficial en inglés es la que controla legalmente.,105,Aviso Legal,1,https://www.insiderlawyers.com/es/aviso-legal/,"index,follow,max-image-preview:large",es-US,5,https://www.insiderlawyers.com/images/hero/ktown-bg.jpg,"Answer,Article,FAQPage,Question,WebSite",yes,sitemap-legal.xml,928,
/es/carta-demanda-lesiones-personales-california,es,es-content,yes,Guía de Carta de Demanda | Insider Lawyers,42,"Qué es una carta de demanda por lesiones, qué debe incluir, cuánto tarda la aseguranza en responder y qué pasa después en un caso de California.",144,Qué es una carta de demanda por lesiones personales,1,https://www.insiderlawyers.com/es/carta-demanda-lesiones-personales-california/,"index,follow,max-image-preview:large",es-US,5,https://www.insiderlawyers.com/images/legal-demand-letter-preparation.jpg,"Answer,Article,FAQPage,Question,WebSite",yes,sitemap-es.xml,1178,
/es/contacto,es,contact-es,yes,Contacto | Insider Lawyers,26,"Comuníquese con Insider Lawyers para una revisión gratuita de su reclamo por lesiones en California. Teléfono, formulario y horarios.",133,Contáctenos en español,1,https://www.insiderlawyers.com/es/contacto/,"index,follow,max-image-preview:large",es-US,5,https://www.insiderlawyers.com/images/hero/ktown-bg.jpg,"Answer,Article,FAQPage,Question,WebSite",yes,sitemap-es.xml,910,
/es/derechos-privacidad-california,es,legal-es,yes,Derechos de Privacidad en CA | Insider Lawyers,46,Resumen en español de los derechos de privacidad de California (CCPA/CPRA). La versión oficial en inglés es la que controla legalmente.,135,Derechos de Privacidad de California,1,https://www.insiderlawyers.com/es/derechos-privacidad-california/,"index,follow,max-image-preview:large",es-US,5,https://www.insiderlawyers.com/images/hero/ktown-bg.jpg,"Answer,Article,FAQPage,Question,WebSite",yes,sitemap-legal.xml,947,
/es/guia-reclamo-accidente-estacionamiento-california,es,es-content,yes,Reclamos por Estacionamiento en CA | Insider Lawyers,52,"Cómo funcionan los reclamos por accidentes en estacionamientos en California: culpa, evidencia, daño al vehículo, lesiones a peatones y revisión del caso.",154,Reclamos por accidente en estacionamiento en California,1,https://www.insiderlawyers.com/es/guia-reclamo-accidente-estacionamiento-california/,"index,follow,max-image-preview:large",es-US,5,https://www.insiderlawyers.com/images/parking-lot-accident-lawyer-dusk.jpg,"Answer,Article,FAQPage,Question,WebSite",yes,sitemap-es.xml,1023,
/es/lesiones-personales,es,es-content,yes,Guía de Reclamos por Lesiones en CA | Insider Lawyers,53,"Guía en español sobre cómo funcionan los reclamos por lesiones personales en California: cálculo de valor, plazos, seguros, ofertas y cuándo pedir una revisión del.",164,Reclamos por lesiones personales en California,1,https://www.insiderlawyers.com/es/lesiones-personales/,"index,follow,max-image-preview:large",es-US,5,https://www.insiderlawyers.com/images/personal-injury-medical-waiting-room.jpg,"Answer,Article,FAQPage,Question,WebSite",yes,sitemap-es.xml,1603,
/es/lesiones-personales/accidentes-auto,es,es-content,yes,Accidentes de Auto en CA | Insider Lawyers,42,"Guía en español sobre reclamos por accidentes de auto en California: pasos, cobertura, ofertas y revisión del caso.",115,Reclamos por accidentes de auto en California,1,https://www.insiderlawyers.com/es/lesiones-personales/accidentes-auto/,"index,follow,max-image-preview:large",es-US,5,https://www.insiderlawyers.com/images/personal-injury-auto-accidents-blur.jpg,"Answer,Article,FAQPage,Question,WebSite",yes,sitemap-es.xml,902,
/es/lesiones-personales/accidentes-camion,es,es-content,yes,Accidentes de Camión en CA | Insider Lawyers,44,"Reclamos por accidente con camión comercial en California: cobertura, evidencia, lesiones y revisión del caso.",110,Accidentes de camión en California,1,https://www.insiderlawyers.com/es/lesiones-personales/accidentes-camion/,"index,follow,max-image-preview:large",es-US,5,https://www.insiderlawyers.com/images/personal-injury-truck-accidents-mirror-view.jpg,"Answer,Article,FAQPage,Question,WebSite",yes,sitemap-es.xml,979,
/es/lesiones-personales/lesion-cerebral,es,es-content,yes,Lesión Cerebral en CA | Insider Lawyers,39,"Lesión cerebral traumática (TBI) y conmoción cerebral en California: síntomas, tratamiento y revisión del caso.",111,Reclamos por lesión cerebral (TBI) en California,1,https://www.insiderlawyers.com/es/lesiones-personales/lesion-cerebral/,"index,follow,max-image-preview:large",es-US,5,https://www.insiderlawyers.com/images/personal-injury-brain-injuries-illustration.jpg,"Answer,Article,FAQPage,Question,WebSite",yes,sitemap-es.xml,946,
/es/lesiones-personales/lesiones-catastroficas,es,es-content,yes,Lesiones Catastróficas en CA | Insider Lawyers,46,"Lesiones catastróficas en California: lesión cerebral severa, parálisis, quemaduras, amputaciones y revisión urgente.",117,Lesiones catastróficas en California,1,https://www.insiderlawyers.com/es/lesiones-personales/lesiones-catastroficas/,"index,follow,max-image-preview:large",es-US,5,https://www.insiderlawyers.com/images/personal-injury-catastrophic-injuries-hospital-bed.jpg,"Answer,Article,FAQPage,Question,WebSite",yes,sitemap-es.xml,918,
/es/lesiones-personales/lesiones-columna,es,es-content,yes,Lesiones de Columna en CA | Insider Lawyers,43,"Reclamos por lesión de columna en California: herniación de disco, fusión, dolor crónico y revisión del caso.",109,Reclamos por lesiones de columna en California,1,https://www.insiderlawyers.com/es/lesiones-personales/lesiones-columna/,"index,follow,max-image-preview:large",es-US,5,https://www.insiderlawyers.com/images/personal-injury-spine-injuries-xray.jpg,"Answer,Article,FAQPage,Question,WebSite",yes,sitemap-es.xml,933,
/es/lesiones-personales/muerte-injusta,es,es-content,yes,Muerte Injusta en California | Insider Lawyers,46,"Reclamos por muerte injusta (wrongful death) en California: quién puede reclamar, qué daños, plazos y revisión del caso.",120,Reclamos por muerte injusta en California,1,https://www.insiderlawyers.com/es/lesiones-personales/muerte-injusta/,"index,follow,max-image-preview:large",es-US,5,https://www.insiderlawyers.com/images/personal-injury-wrongful-death-memorial.jpg,"Answer,Article,FAQPage,Question,WebSite",yes,sitemap-es.xml,915,
/es/lesiones-personales/resbalon-caida,es,es-content,yes,Resbalón y Caída en CA | Insider Lawyers,40,"Cuándo el dueño responde por una caída: condiciones peligrosas, evidencia, plazos y revisión de ofertas de la aseguranza en California.",135,Reclamos por resbalón y caída en California,1,https://www.insiderlawyers.com/es/lesiones-personales/resbalon-caida/,"index,follow,max-image-preview:large",es-US,5,https://www.insiderlawyers.com/images/personal-injury-slip-and-fall-wet-floor.jpg,"Answer,Article,FAQPage,Question,WebSite",yes,sitemap-es.xml,966,
/es/lista-revision-liquidacion-lesiones-california,es,es-content,yes,Lista para Revisar un Acuerdo | Insider Lawyers,47,"Lista práctica de qué revisar antes de aceptar una oferta de liquidación por lesiones en California: gastos médicos, tratamiento futuro, liens, release y más.",158,Revise su oferta de liquidación antes de firmar,1,https://www.insiderlawyers.com/es/lista-revision-liquidacion-lesiones-california/,"index,follow,max-image-preview:large",es-US,5,https://www.insiderlawyers.com/images/insurance-settlement-calculation-tablet.jpg,"Answer,Article,FAQPage,Question,WebSite",yes,sitemap-es.xml,1126,
/es/no-vender-compartir-informacion-personal,es,legal-es,yes,No Vender Mi Información | Insider Lawyers,42,Cómo solicitar que no se venda ni comparta su información personal. La versión oficial en inglés es la que controla legalmente.,127,No Vender ni Compartir Mi Información Personal,1,https://www.insiderlawyers.com/es/no-vender-compartir-informacion-personal/,"index,follow,max-image-preview:large",es-US,5,https://www.insiderlawyers.com/images/hero/ktown-bg.jpg,"Answer,Article,FAQPage,Question,WebSite",yes,sitemap-legal.xml,953,
/es/politica-cookies,es,legal-es,yes,Política de Cookies | Insider Lawyers,37,Resumen en español de la Política de Cookies. La versión oficial en inglés es la que controla legalmente.,105,Política de Cookies,1,https://www.insiderlawyers.com/es/politica-cookies/,"index,follow,max-image-preview:large",es-US,5,https://www.insiderlawyers.com/images/hero/ktown-bg.jpg,"Answer,Article,FAQPage,Question,WebSite",yes,sitemap-legal.xml,932,
/es/politica-privacidad,es,legal-es,yes,Política de Privacidad | Insider Lawyers,40,Resumen en español de nuestra Política de Privacidad. La versión oficial y completa en inglés es la que controla legalmente.,124,Política de Privacidad,1,https://www.insiderlawyers.com/es/politica-privacidad/,"index,follow,max-image-preview:large",es-US,5,https://www.insiderlawyers.com/images/hero/ktown-bg.jpg,"Answer,Article,FAQPage,Question,WebSite",yes,sitemap-legal.xml,936,
/es/recuperar-scooter-bicicleta-electrica-danada,es,es-content,yes,Recuperar Scooter o E-Bike Dañada | Insider Lawyers,51,Cómo recuperar el valor de un scooter o e-bike destruido en un accidente en California. Reclamo por daño a la propiedad versus reclamo por lesión.,146,Recuperar el valor de un scooter o bicicleta eléctrica dañada,1,https://www.insiderlawyers.com/es/recuperar-scooter-bicicleta-electrica-danada/,"index,follow,max-image-preview:large",es-US,5,https://www.insiderlawyers.com/images/recover-destroyed-scooter-repair.jpg,"Answer,Article,FAQPage,Question,WebSite",yes,sitemap-es.xml,1013,
/es/responsabilidad-de-propiedad,es,es-content,yes,Responsabilidad por Propiedad en CA | Insider Lawyers,53,"Cuándo el dueño de una propiedad responde por lesiones: resbalones y caídas, seguridad negligente, condiciones peligrosas y reclamos en California.",147,Responsabilidad del dueño de propiedad en California,1,https://www.insiderlawyers.com/es/responsabilidad-de-propiedad/,"index,follow,max-image-preview:large",es-US,5,https://www.insiderlawyers.com/images/los-angeles-premises-liability-wet-floor.jpg,"Answer,Article,FAQPage,Question,WebSite",yes,sitemap-es.xml,1070,
/es/segunda-opinion-caso-lesiones-california,es,es-content,yes,Segunda Opinión sobre su Caso | Insider Lawyers,47,"Cuándo y cómo pedir una segunda opinión sobre su caso de lesiones en California. Qué cubre, qué traer y cómo decidir sin presión.",129,Segunda opinión para casos de lesiones en California,1,https://www.insiderlawyers.com/es/segunda-opinion-caso-lesiones-california/,"index,follow,max-image-preview:large",es-US,5,https://www.insiderlawyers.com/images/proving-claim-value-analysis.jpg,"Answer,Article,FAQPage,Question,WebSite",yes,sitemap-es.xml,1093,
/es/segunda-opinion-reclamo-lesiones-california,es,es-content,yes,Segunda Opinión: Reclamo por Lesiones | Insider Lawyers,55,¿Su caso de lesiones está estancado o le ofrecieron menos de lo esperado? Pida una segunda opinión gratuita sobre su reclamo en California antes de firmar o aceptar.,165,Segunda opinión para reclamos por lesiones en California,1,https://www.insiderlawyers.com/es/segunda-opinion-reclamo-lesiones-california/,"index,follow,max-image-preview:large",es-US,5,https://www.insiderlawyers.com/images/insurance-adjuster-claim-valuation.jpg,"Answer,Article,FAQPage,Question,WebSite",yes,sitemap-es.xml,1174,
/es/terminos-legales,es,legal-es,yes,Términos Legales | Insider Lawyers,34,Resumen en español de los Términos y Condiciones. La versión oficial en inglés es la que controla legalmente.,109,Términos Legales,1,https://www.insiderlawyers.com/es/terminos-legales/,"index,follow,max-image-preview:large",es-US,5,https://www.insiderlawyers.com/images/hero/ktown-bg.jpg,"Answer,Article,FAQPage,Question,WebSite",yes,sitemap-legal.xml,929,
/es/ulceras-presion-negligencia-asilo-ancianos,es,es-content,yes,Úlceras por Presión en Asilos | Insider Lawyers,47,"Las úlceras por presión etapa 3 y 4 suelen ser una señal de negligencia en asilos. Qué son, cómo se previenen y cómo proteger a su familiar.",140,Úlceras por presión (bedsores): cuándo son negligencia,1,https://www.insiderlawyers.com/es/ulceras-presion-negligencia-asilo-ancianos/,"index,follow,max-image-preview:large",es-US,5,https://www.insiderlawyers.com/images/nursing-home/nurse-documenting-wound-care.png,"Answer,Article,FAQPage,Question,WebSite",yes,sitemap-es.xml,960,
/es/valor-reclamo-choque-lateral-california,es,es-content,yes,Valor del Reclamo Choque Lateral | Insider Lawyers,50,"Cómo se valoran los reclamos por choque lateral en California: lesiones típicas, disputas de culpa, pólizas de seguro y revisión del caso.",138,Cómo se valoran los reclamos por choque lateral en California,1,https://www.insiderlawyers.com/es/valor-reclamo-choque-lateral-california/,"index,follow,max-image-preview:large",es-US,5,https://www.insiderlawyers.com/images/t-bone-accident-intersection-scene.jpg,"Answer,Article,FAQPage,Question,WebSite",yes,sitemap-es.xml,1011,
